loan_id,product,principal_inr,duration_months,credit_score,dti_ratio,age,default_flag,risk_score,purpose
GL-00001,Personal,105210.0,6,715,0.32,67,0,0.214,domestic appliances
GL-00002,Home,535590.0,48,627,0.23,22,1,0.7938,domestic appliances
GL-00003,Personal,188640.0,12,748,0.16,49,0,0.1453,retraining
GL-00004,Personal,709380.0,42,726,0.16,45,0,0.1698,radio/television
GL-00005,Auto,438300.0,24,634,0.31,53,1,0.802,car (new)
GL-00006,Personal,814950.0,36,740,0.16,35,0,0.1542,retraining
GL-00007,Personal,255150.0,24,739,0.24,53,0,0.1713,radio/television
GL-00008,Auto,625320.0,36,720,0.16,35,0,0.1764,car (used)
GL-00009,Personal,275310.0,12,756,0.16,61,0,0.1364,domestic appliances
GL-00010,Auto,471060.0,30,607,0.39,28,1,0.848,car (new)
GL-00011,Auto,116550.0,12,617,0.31,25,1,0.8209,car (new)
GL-00012,Personal,387720.0,48,616,0.31,24,1,0.822,others
GL-00013,Personal,141030.0,12,724,0.08,22,0,0.156,domestic appliances
GL-00014,Auto,107910.0,24,626,0.39,60,1,0.8269,car (new)
GL-00015,Auto,126270.0,15,716,0.16,28,0,0.1809,car (new)
GL-00016,Personal,115380.0,24,609,0.39,32,1,0.8458,domestic appliances
GL-00017,Personal,218160.0,24,727,0.32,53,0,0.2007,domestic appliances
GL-00018,Personal,726480.0,30,714,0.16,25,0,0.1831,others
GL-00019,Auto,1132110.0,24,616,0.39,44,1,0.838,car (used)
GL-00020,Personal,308700.0,24,726,0.24,31,0,0.1858,domestic appliances
GL-00021,Auto,192060.0,9,724,0.32,48,0,0.204,car (new)
GL-00022,Personal,238230.0,6,725,0.16,44,0,0.1709,domestic appliances
GL-00023,Auto,201690.0,10,740,0.08,48,0,0.1382,car (new)
GL-00024,Auto,162360.0,12,713,0.24,44,0,0.2002,car (used)
GL-00025,Personal,186210.0,10,735,0.16,26,0,0.1598,radio/television
GL-00026,Personal,123660.0,6,733,0.08,36,0,0.146,radio/television
GL-00027,Personal,38340.0,6,718,0.32,39,0,0.2107,domestic appliances
GL-00028,Personal,36810.0,12,712,0.24,42,0,0.2013,domestic appliances
GL-00029,Personal,217350.0,7,707,0.24,34,0,0.2069,domestic appliances
GL-00030,Personal,615240.0,60,640,0.31,63,1,0.7953,others
GL-00031,Personal,172170.0,18,709,0.24,36,0,0.2047,others
GL-00032,Personal,361800.0,24,715,0.16,27,0,0.182,radio/television
GL-00033,Auto,527940.0,18,717,0.16,30,0,0.1798,car (new)
GL-00034,Personal,113760.0,12,729,0.32,57,0,0.1984,others
GL-00035,Personal,132660.0,12,695,0.32,33,0,0.2362,radio/television
GL-00036,Personal,427140.0,45,605,0.39,25,1,0.8502,domestic appliances
GL-00037,Personal,549900.0,48,750,0.08,31,0,0.1271,retraining
GL-00038,Personal,189000.0,18,612,0.39,37,1,0.8424,domestic appliances
GL-00039,Personal,110250.0,10,721,0.16,37,0,0.1753,repairs
GL-00040,Personal,41220.0,9,689,0.32,24,0,0.2429,domestic appliances
GL-00041,Personal,209970.0,30,713,0.32,30,0,0.2162,domestic appliances
GL-00042,Personal,104220.0,12,703,0.24,26,0,0.2113,domestic appliances
GL-00043,Home,558360.0,18,725,0.16,44,0,0.1709,education
GL-00044,Auto,556830.0,30,725,0.08,24,0,0.1549,car (used)
GL-00045,Auto,552870.0,48,625,0.39,58,1,0.828,car (used)
GL-00046,Auto,125370.0,11,716,0.32,35,0,0.2129,car (new)
GL-00047,Personal,206910.0,36,718,0.32,39,0,0.2107,domestic appliances
GL-00048,Auto,121680.0,6,725,0.08,23,0,0.1549,car (used)
GL-00049,Auto,650520.0,11,754,0.08,39,0,0.1227,car (new)
GL-00050,Personal,186570.0,12,712,0.32,28,0,0.2173,domestic appliances
GL-00051,Personal,209970.0,24,692,0.32,29,0,0.2396,radio/television
GL-00052,Auto,536850.0,27,729,0.08,30,0,0.1504,car (used)
GL-00053,Personal,113580.0,12,722,0.24,25,0,0.1902,domestic appliances
GL-00054,Auto,304020.0,18,738,0.16,31,0,0.1564,car (used)
GL-00055,Auto,200250.0,36,624,0.39,57,1,0.8291,car (new)
GL-00056,Auto,70470.0,6,747,0.08,26,0,0.1304,car (new)
GL-00057,Personal,582120.0,12,645,0.23,52,1,0.7738,domestic appliances
GL-00058,Personal,860940.0,36,738,0.16,31,0,0.1564,domestic appliances
GL-00059,Auto,176490.0,18,701,0.24,23,0,0.2136,car (new)
GL-00060,Personal,560610.0,36,604,0.39,23,1,0.8513,radio/television
GL-00061,Personal,125190.0,9,715,0.16,27,0,0.182,others
GL-00062,Personal,138330.0,15,705,0.32,50,0,0.2251,domestic appliances
GL-00063,Personal,175770.0,36,627,0.39,61,1,0.8258,others
GL-00064,Personal,1297890.0,48,629,0.23,25,1,0.7916,others
GL-00065,Personal,286290.0,24,711,0.32,26,0,0.2184,domestic appliances
GL-00066,Personal,467100.0,27,724,0.32,48,0,0.204,education
GL-00067,Personal,195390.0,12,736,0.16,29,0,0.1587,domestic appliances
GL-00068,Auto,90630.0,12,688,0.32,22,0,0.244,car (new)
GL-00069,Personal,163710.0,36,632,0.39,37,1,0.8202,retraining
GL-00070,Personal,215460.0,36,710,0.32,25,0,0.2196,domestic appliances
GL-00071,Auto,731970.0,36,749,0.08,30,0,0.1282,car (used)
GL-00072,Personal,65700.0,7,723,0.32,46,0,0.2051,domestic appliances
GL-00073,Personal,104760.0,8,718,0.24,51,0,0.1947,furniture/equipment
GL-00074,Home,535860.0,42,724,0.16,41,0,0.172,others
GL-00075,Personal,177930.0,36,614,0.39,40,1,0.8402,retraining
GL-00076,Auto,137340.0,12,715,0.32,66,0,0.214,car (used)
GL-00077,Personal,356850.0,42,610,0.39,34,1,0.8447,domestic appliances
GL-00078,Personal,429390.0,11,730,0.16,51,0,0.1653,domestic appliances
GL-00079,Auto,849240.0,54,742,0.16,39,0,0.152,car (used)
GL-00080,Personal,344880.0,30,712,0.16,22,0,0.1853,radio/television
GL-00081,Personal,534870.0,24,672,0.15,44,1,0.7278,domestic appliances
GL-00082,Personal,109170.0,15,723,0.32,47,0,0.2051,domestic appliances
GL-00083,Personal,141120.0,18,721,0.24,24,0,0.1913,others
GL-00084,Personal,157950.0,24,710,0.32,58,0,0.2196,furniture/equipment
GL-00085,Personal,208350.0,10,718,0.24,52,0,0.1947,domestic appliances
GL-00086,Personal,127080.0,12,712,0.32,29,0,0.2173,others
GL-00087,Personal,116550.0,18,691,0.32,27,0,0.2407,radio/television
GL-00088,Personal,1135080.0,36,654,0.15,47,1,0.7478,retraining
GL-00089,Auto,202410.0,18,693,0.32,30,0,0.2384,car (new)
GL-00090,Personal,99720.0,12,607,0.39,28,1,0.848,education
GL-00091,Personal,55620.0,12,729,0.32,56,0,0.1984,domestic appliances
GL-00092,Auto,126810.0,12,707,0.32,54,0,0.2229,car (used)
GL-00093,Personal,71730.0,12,630,0.39,33,1,0.8224,domestic appliances
GL-00094,Personal,325530.0,24,687,0.32,20,0,0.2451,radio/television
GL-00095,Auto,118620.0,12,707,0.32,54,0,0.2229,car (new)
GL-00096,Personal,1435050.0,54,637,0.31,58,1,0.7987,others
GL-00097,Personal,181080.0,12,732,0.32,61,0,0.1951,retraining
GL-00098,Personal,235980.0,18,695,0.32,34,0,0.2362,others
GL-00099,Personal,210330.0,36,697,0.32,36,0,0.234,domestic appliances
GL-00100,Auto,635130.0,20,709,0.24,36,0,0.2047,car (used)
GL-00101,Auto,132210.0,24,720,0.32,41,0,0.2084,car (new)
GL-00102,Personal,209070.0,36,689,0.32,24,0,0.2429,domestic appliances
GL-00103,Personal,83880.0,6,721,0.24,24,0,0.1913,domestic appliances
GL-00104,Personal,172710.0,9,696,0.32,35,0,0.2351,radio/television
GL-00105,Auto,220050.0,12,735,0.16,26,0,0.1598,car (used)
GL-00106,Personal,1074420.0,24,637,0.23,39,1,0.7827,furniture/equipment
GL-00107,Auto,581220.0,18,657,0.23,39,1,0.7604,car (new)
GL-00108,Auto,547020.0,12,718,0.16,32,0,0.1787,car (new)
GL-00109,Personal,694890.0,24,729,0.08,30,0,0.1504,radio/television
GL-00110,Personal,126900.0,14,732,0.08,35,0,0.1471,others
GL-00111,Personal,130410.0,6,730,0.08,31,0,0.1493,others
GL-00112,Personal,35280.0,15,689,0.32,23,0,0.2429,retraining
GL-00113,Home,563400.0,18,704,0.24,28,0,0.2102,car (new)
GL-00114,Home,706950.0,36,625,0.39,25,1,0.828,car (new)
GL-00115,Personal,151200.0,12,708,0.24,35,0,0.2058,domestic appliances
GL-00116,Personal,322020.0,48,723,0.32,47,0,0.2051,domestic appliances
GL-00117,Personal,645660.0,42,608,0.39,30,1,0.8469,domestic appliances
GL-00118,Personal,191880.0,10,715,0.16,27,0,0.182,radio/television
GL-00119,Personal,385290.0,33,640,0.15,23,1,0.7633,radio/television
GL-00120,Auto,212940.0,12,709,0.24,36,0,0.2047,car (new)
GL-00121,Personal,165150.0,21,617,0.31,25,1,0.8209,domestic appliances
GL-00122,Auto,348120.0,24,720,0.32,41,0,0.2084,car (used)
GL-00123,Personal,159120.0,12,721,0.24,24,0,0.1913,radio/television
GL-00124,Auto,70290.0,10,713,0.32,63,0,0.2162,car (new)
GL-00125,Personal,173160.0,18,606,0.39,27,1,0.8491,radio/television
GL-00126,Auto,190890.0,12,693,0.32,30,0,0.2384,car (new)
GL-00127,Personal,63090.0,12,699,0.32,40,0,0.2318,domestic appliances
GL-00128,Personal,57510.0,12,608,0.39,30,1,0.8469,education
GL-00129,Auto,167400.0,12,695,0.32,34,0,0.2362,car (used)
GL-00130,Auto,314910.0,12,619,0.31,29,1,0.8187,car (new)
GL-00131,Auto,763830.0,48,725,0.08,24,0,0.1549,car (new)
GL-00132,Personal,619830.0,36,607,0.39,29,1,0.848,retraining
GL-00133,Personal,243720.0,15,735,0.16,27,0,0.1598,radio/television
GL-00134,Personal,178560.0,18,723,0.32,47,0,0.2051,radio/television
GL-00135,Home,912960.0,60,732,0.16,21,0,0.1631,domestic appliances
GL-00136,Personal,111600.0,12,718,0.32,38,0,0.2107,domestic appliances
GL-00137,Auto,775170.0,27,735,0.16,27,0,0.1598,car (used)
GL-00138,Personal,68940.0,12,630,0.39,66,1,0.8224,domestic appliances
GL-00139,Personal,245520.0,15,696,0.32,35,0,0.2351,domestic appliances
GL-00140,Personal,169290.0,12,725,0.16,44,0,0.1709,domestic appliances
GL-00141,Auto,63810.0,6,715,0.16,27,0,0.182,car (new)
GL-00142,Personal,431550.0,36,693,0.32,30,0,0.2384,domestic appliances
GL-00143,Personal,307440.0,27,703,0.24,27,0,0.2113,domestic appliances
GL-00144,Personal,221580.0,18,627,0.23,22,1,0.7938,radio/television
GL-00145,Personal,205920.0,21,709,0.32,23,0,0.2207,radio/television
GL-00146,Personal,320940.0,48,693,0.32,30,0,0.2384,others
GL-00147,Auto,77400.0,6,734,0.08,39,0,0.1449,car (new)
GL-00148,Auto,61380.0,12,726,0.32,51,0,0.2018,car (new)
GL-00149,Personal,483390.0,36,704,0.24,28,0,0.2102,radio/television
GL-00150,Personal,142380.0,18,723,0.32,46,0,0.2051,domestic appliances
GL-00151,Personal,121140.0,6,744,0.16,42,0,0.1498,domestic appliances
GL-00152,Personal,173160.0,10,754,0.08,38,0,0.1227,domestic appliances
GL-00153,Personal,526320.0,36,689,0.32,24,0,0.2429,domestic appliances
GL-00154,Auto,698220.0,24,716,0.16,29,0,0.1809,car (used)
GL-00155,Personal,627030.0,24,697,0.32,36,0,0.234,others
GL-00156,Personal,115380.0,12,626,0.23,20,1,0.7949,radio/television
GL-00157,Personal,115920.0,9,716,0.24,48,0,0.1969,education
GL-00158,Business,30510.0,12,702,0.32,45,0,0.2284,business
GL-00159,Auto,316080.0,24,722,0.16,38,0,0.1742,car (new)
GL-00160,Personal,170820.0,6,751,0.08,34,0,0.126,domestic appliances
GL-00161,Personal,258480.0,24,729,0.24,36,0,0.1824,domestic appliances
GL-00162,Auto,94950.0,18,713,0.32,30,0,0.2162,car (new)
GL-00163,Personal,113580.0,15,717,0.32,36,0,0.2118,repairs
GL-00164,Auto,657720.0,10,741,0.16,70,0,0.1531,car (new)
GL-00165,Auto,81810.0,36,717,0.32,36,0,0.2118,car (new)
GL-00166,Personal,268020.0,6,750,0.08,32,0,0.1271,radio/television
GL-00167,Personal,101790.0,18,610,0.39,33,1,0.8447,radio/television
GL-00168,Personal,141930.0,11,687,0.32,20,0,0.2451,radio/television
GL-00169,Personal,357480.0,24,734,0.16,25,0,0.1609,radio/television
GL-00170,Personal,174150.0,24,609,0.39,31,1,0.8458,others
GL-00171,Auto,85500.0,15,610,0.39,33,1,0.8447,car (new)
GL-00172,Personal,68670.0,12,711,0.32,26,0,0.2184,radio/television
GL-00173,Personal,185760.0,24,622,0.31,34,1,0.8153,radio/television
GL-00174,Personal,127260.0,8,695,0.32,33,0,0.2362,domestic appliances
GL-00175,Personal,307260.0,21,630,0.23,26,1,0.7904,retraining
GL-00176,Home,673650.0,30,642,0.39,53,1,0.8091,car (used)
GL-00177,Personal,231930.0,12,724,0.16,42,0,0.172,radio/television
GL-00178,Personal,30420.0,6,706,0.32,52,0,0.224,domestic appliances
GL-00179,Personal,176670.0,12,714,0.32,31,0,0.2151,domestic appliances
GL-00180,Auto,51390.0,21,714,0.32,65,0,0.2151,car (new)
GL-00181,Personal,861480.0,36,663,0.15,28,1,0.7378,others
GL-00182,Home,400950.0,36,632,0.23,30,1,0.7882,others
GL-00183,Auto,148230.0,21,614,0.39,40,1,0.8402,car (new)
GL-00184,Personal,339930.0,24,725,0.32,50,0,0.2029,radio/television
GL-00185,Auto,79560.0,18,612,0.39,36,1,0.8424,car (new)
GL-00186,Personal,122400.0,15,714,0.32,31,0,0.2151,domestic appliances
GL-00187,Auto,461610.0,9,658,0.23,74,1,0.7593,car (used)
GL-00188,Auto,105750.0,16,740,0.16,68,0,0.1542,car (new)
GL-00189,Personal,60660.0,12,602,0.39,20,1,0.8536,domestic appliances
GL-00190,Personal,291960.0,18,731,0.08,33,0,0.1482,radio/television
GL-00191,Personal,413190.0,24,666,0.23,54,1,0.7504,others
GL-00192,Personal,345960.0,48,610,0.39,34,1,0.8447,others
GL-00193,Personal,352350.0,27,612,0.39,36,1,0.8424,others
GL-00194,Personal,189720.0,6,736,0.16,29,0,0.1587,domestic appliances
GL-00195,Personal,272790.0,45,603,0.39,21,1,0.8524,domestic appliances
GL-00196,Personal,135090.0,9,634,0.23,34,1,0.786,retraining
GL-00197,Personal,124380.0,6,748,0.08,28,0,0.1293,domestic appliances
GL-00198,Personal,85590.0,12,606,0.39,27,1,0.8491,radio/television
GL-00199,Auto,248400.0,24,697,0.32,36,0,0.234,car (used)
GL-00200,Personal,386730.0,18,614,0.39,40,1,0.8402,radio/television
GL-00201,Personal,84240.0,9,726,0.32,52,0,0.2018,retraining
GL-00202,Auto,105120.0,12,691,0.32,27,0,0.2407,car (new)
GL-00203,Personal,460530.0,27,723,0.24,26,0,0.1891,others
GL-00204,Business,81180.0,12,603,0.39,21,1,0.8524,business
GL-00205,Auto,134550.0,12,718,0.32,38,0,0.2107,car (new)
GL-00206,Auto,956070.0,30,710,0.24,38,0,0.2036,car (used)
GL-00207,Personal,174150.0,12,721,0.32,43,0,0.2073,radio/television
GL-00208,Personal,128160.0,12,691,0.32,26,0,0.2407,repairs
GL-00209,Personal,591120.0,24,712,0.16,21,0,0.1853,others
GL-00210,Auto,127170.0,12,740,0.24,55,0,0.1702,car (used)
GL-00211,Personal,276660.0,9,751,0.08,33,0,0.126,domestic appliances
GL-00212,Personal,345150.0,36,746,0.16,45,0,0.1476,domestic appliances
GL-00213,Personal,476370.0,27,644,0.23,50,1,0.7749,others
GL-00214,Personal,171720.0,30,630,0.39,66,1,0.8224,others
GL-00215,Personal,300780.0,36,726,0.32,51,0,0.2018,domestic appliances
GL-00216,Business,83880.0,6,734,0.08,39,0,0.1449,business
GL-00217,Personal,279360.0,18,706,0.24,31,0,0.208,others
GL-00218,Personal,352170.0,36,713,0.16,23,0,0.1842,domestic appliances
GL-00219,Personal,271890.0,24,713,0.16,24,0,0.1842,radio/television
GL-00220,Auto,122760.0,10,757,0.16,64,0,0.1353,car (new)
GL-00221,Personal,56250.0,12,691,0.32,26,0,0.2407,domestic appliances
GL-00222,Personal,108000.0,12,689,0.32,23,0,0.2429,retraining
GL-00223,Personal,63630.0,12,713,0.32,30,0,0.2162,domestic appliances
GL-00224,Personal,268020.0,24,714,0.32,32,0,0.2151,others
GL-00225,Auto,419130.0,15,725,0.24,30,0,0.1869,car (used)
GL-00226,Personal,235170.0,36,711,0.32,27,0,0.2184,education
GL-00227,Personal,986490.0,48,642,0.15,27,1,0.7611,domestic appliances
GL-00228,Personal,707850.0,12,622,0.39,53,1,0.8313,radio/television
GL-00229,Personal,133020.0,9,623,0.39,22,1,0.8302,domestic appliances
GL-00230,Personal,283410.0,24,688,0.32,22,0,0.244,radio/television
GL-00231,Personal,378900.0,36,606,0.39,26,1,0.8491,domestic appliances
GL-00232,Auto,225630.0,9,750,0.16,51,0,0.1431,car (new)
GL-00233,Personal,192690.0,12,728,0.24,35,0,0.1836,domestic appliances
GL-00234,Personal,77940.0,18,690,0.32,25,0,0.2418,domestic appliances
GL-00235,Personal,138960.0,4,744,0.16,42,0,0.1498,domestic appliances
GL-00236,Personal,164070.0,24,608,0.39,30,1,0.8469,domestic appliances
GL-00237,Auto,1309950.0,6,640,0.15,23,1,0.7633,car (new)
GL-00238,Personal,249030.0,21,627,0.39,61,1,0.8258,others
GL-00239,Personal,116190.0,12,716,0.32,35,0,0.2129,domestic appliances
GL-00240,Personal,226980.0,30,734,0.08,39,0,0.1449,domestic appliances
GL-00241,Auto,82350.0,24,607,0.39,29,1,0.848,car (new)
GL-00242,Personal,143550.0,6,738,0.24,51,0,0.1724,domestic appliances
GL-00243,Auto,414450.0,48,616,0.31,24,1,0.822,car (used)
GL-00244,Personal,106650.0,12,723,0.24,27,0,0.1891,others
GL-00245,Business,310230.0,12,716,0.32,35,0,0.2129,business
GL-00246,Personal,113220.0,24,710,0.32,25,0,0.2196,others
GL-00247,Personal,64530.0,12,726,0.32,52,0,0.2018,domestic appliances
GL-00248,Auto,108360.0,6,716,0.32,35,0,0.2129,car (new)
GL-00249,Personal,173250.0,24,715,0.16,26,0,0.182,radio/television
GL-00250,Personal,38970.0,18,635,0.31,22,1,0.8009,domestic appliances
GL-00251,Auto,59940.0,6,710,0.24,39,0,0.2036,car (new)
GL-00252,Personal,202590.0,12,739,0.08,46,0,0.1393,radio/television
GL-00253,Auto,193500.0,30,604,0.39,24,1,0.8513,car (new)
GL-00254,Personal,373590.0,24,740,0.16,35,0,0.1542,radio/television
GL-00255,Personal,182700.0,9,713,0.16,24,0,0.1842,radio/television
GL-00256,Home,667620.0,60,727,0.08,27,0,0.1527,domestic appliances
GL-00257,Personal,241560.0,24,716,0.32,35,0,0.2129,domestic appliances
GL-00258,Personal,193410.0,12,607,0.39,29,1,0.848,domestic appliances
GL-00259,Auto,343080.0,15,745,0.08,23,0,0.1327,car (used)
GL-00260,Personal,103860.0,11,729,0.32,57,0,0.1984,domestic appliances
GL-00261,Personal,149130.0,12,715,0.16,27,0,0.182,radio/television
GL-00262,Personal,144270.0,24,708,0.32,55,0,0.2218,domestic appliances
GL-00263,Auto,477180.0,18,721,0.16,36,0,0.1753,car (new)
GL-00264,Personal,247320.0,12,753,0.16,57,0,0.1398,retraining
GL-00265,Auto,110790.0,10,726,0.24,32,0,0.1858,car (new)
GL-00266,Personal,72180.0,15,612,0.39,37,1,0.8424,domestic appliances
GL-00267,Home,567360.0,36,717,0.32,36,0,0.2118,others
GL-00268,Personal,137970.0,24,718,0.32,38,0,0.2107,domestic appliances
GL-00269,Auto,808020.0,14,653,0.15,45,1,0.7489,car (new)
GL-00270,Personal,89910.0,24,710,0.32,25,0,0.2196,domestic appliances
GL-00271,Auto,239580.0,18,714,0.32,32,0,0.2151,car (new)
GL-00272,Personal,126180.0,12,729,0.24,37,0,0.1824,radio/television
GL-00273,Auto,1095210.0,48,697,0.32,36,0,0.234,car (new)
GL-00274,Personal,275400.0,48,607,0.39,28,1,0.848,domestic appliances
GL-00275,Personal,1079820.0,30,646,0.15,34,1,0.7567,education
GL-00276,Personal,242730.0,9,750,0.08,32,0,0.1271,domestic appliances
GL-00277,Personal,216360.0,18,735,0.16,26,0,0.1598,domestic appliances
GL-00278,Personal,113580.0,12,728,0.16,49,0,0.1676,radio/television
GL-00279,Personal,414990.0,6,665,0.15,32,1,0.7356,radio/television
GL-00280,Personal,171090.0,24,712,0.32,29,0,0.2173,domestic appliances
GL-00281,Auto,303120.0,15,721,0.24,23,0,0.1913,car (used)
GL-00282,Personal,141660.0,12,725,0.32,50,0,0.2029,radio/television
GL-00283,Personal,130050.0,18,704,0.32,49,0,0.2262,domestic appliances
GL-00284,Personal,136800.0,15,733,0.32,63,0,0.194,radio/television
GL-00285,Auto,349020.0,24,697,0.32,37,0,0.234,car (new)
GL-00286,Home,964980.0,47,732,0.08,35,0,0.1471,car (new)
GL-00287,Auto,430920.0,48,691,0.32,26,0,0.2407,car (used)
GL-00288,Personal,682380.0,48,718,0.16,31,0,0.1787,furniture/equipment
GL-00289,Personal,98280.0,12,704,0.32,49,0,0.2262,domestic appliances
GL-00290,Personal,92160.0,24,619,0.39,48,1,0.8347,domestic appliances
GL-00291,Personal,96840.0,12,735,0.16,26,0,0.1598,others
GL-00292,Auto,845820.0,36,643,0.15,28,1,0.76,car (used)
GL-00293,Auto,577710.0,24,725,0.16,44,0,0.1709,car (used)
GL-00294,Auto,431640.0,42,709,0.32,56,0,0.2207,car (used)
GL-00295,Personal,686610.0,48,723,0.32,46,0,0.2051,others
GL-00296,Personal,896400.0,48,642,0.15,26,1,0.7611,radio/television
GL-00297,Auto,420750.0,12,743,0.08,20,0,0.1349,car (used)
GL-00298,Auto,115830.0,10,722,0.32,45,0,0.2062,car (new)
GL-00299,Personal,226350.0,18,733,0.24,43,0,0.178,radio/television
GL-00300,Personal,247050.0,21,706,0.24,32,0,0.208,radio/television
GL-00301,Auto,60480.0,6,763,0.08,54,0,0.1127,car (new)
GL-00302,Personal,342360.0,36,615,0.39,42,1,0.8391,domestic appliances
GL-00303,Auto,120960.0,24,612,0.39,37,1,0.8424,car (new)
GL-00304,Auto,93420.0,10,704,0.32,49,0,0.2262,car (new)
GL-00305,Auto,911430.0,48,660,0.23,44,1,0.7571,car (new)
GL-00306,Personal,138870.0,6,715,0.32,33,0,0.214,radio/television
GL-00307,Auto,432990.0,30,733,0.16,24,0,0.162,car (used)
GL-00308,Personal,65430.0,12,610,0.39,33,1,0.8447,domestic appliances
GL-00309,Personal,111330.0,8,616,0.31,24,1,0.822,radio/television
GL-00310,Auto,24840.0,9,688,0.32,22,0,0.244,car (new)
GL-00311,Personal,484290.0,48,711,0.24,40,0,0.2024,furniture/equipment
GL-00312,Personal,495990.0,24,710,0.32,25,0,0.2196,radio/television
GL-00313,Personal,337410.0,24,715,0.16,26,0,0.182,radio/television
GL-00314,Auto,61650.0,12,629,0.23,25,1,0.7916,car (new)
GL-00315,Auto,134460.0,4,728,0.08,29,0,0.1516,car (new)
GL-00316,Personal,247140.0,36,609,0.39,31,1,0.8458,radio/television
GL-00317,Personal,63720.0,12,722,0.16,38,0,0.1742,radio/television
GL-00318,Personal,391590.0,24,740,0.08,48,0,0.1382,radio/television
GL-00319,Personal,63090.0,12,714,0.32,32,0,0.2151,retraining
GL-00320,Personal,327870.0,15,727,0.08,27,0,0.1527,radio/television
GL-00321,Auto,382410.0,30,607,0.39,28,1,0.848,car (new)
GL-00322,Personal,174420.0,24,609,0.39,32,1,0.8458,domestic appliances
GL-00323,Auto,261900.0,24,719,0.16,34,0,0.1776,car (used)
GL-00324,Personal,239310.0,18,692,0.32,28,0,0.2396,radio/television
GL-00325,Auto,92520.0,18,717,0.32,36,0,0.2118,car (new)
GL-00326,Auto,305820.0,8,734,0.08,39,0,0.1449,car (new)
GL-00327,Personal,522090.0,12,748,0.16,49,0,0.1453,radio/television
GL-00328,Auto,137250.0,24,715,0.32,34,0,0.214,car (new)
GL-00329,Personal,402570.0,36,694,0.32,31,0,0.2373,domestic appliances
GL-00330,Personal,96120.0,6,692,0.32,28,0,0.2396,domestic appliances
GL-00331,Auto,595350.0,24,744,0.16,75,0,0.1498,car (used)
GL-00332,Personal,167760.0,18,628,0.39,30,1,0.8247,retraining
GL-00333,Auto,666720.0,60,604,0.39,24,1,0.8513,car (new)
GL-00334,Auto,1043100.0,48,648,0.23,24,1,0.7704,car (used)
GL-00335,Personal,369900.0,24,616,0.31,23,1,0.822,radio/television
GL-00336,Personal,304560.0,6,652,0.15,44,1,0.75,radio/television
GL-00337,Personal,189090.0,13,713,0.16,23,0,0.1842,domestic appliances
GL-00338,Personal,114750.0,15,604,0.39,24,1,0.8513,repairs
GL-00339,Personal,375210.0,24,692,0.32,28,0,0.2396,radio/television
GL-00340,Personal,136890.0,10,694,0.32,31,0,0.2373,radio/television
GL-00341,Personal,516870.0,24,713,0.16,24,0,0.1842,retraining
GL-00342,Personal,323910.0,21,727,0.08,26,0,0.1527,radio/television
GL-00343,Personal,289170.0,18,726,0.08,25,0,0.1538,domestic appliances
GL-00344,Home,399510.0,18,731,0.08,33,0,0.1482,others
GL-00345,Auto,355410.0,10,733,0.08,37,0,0.146,car (new)
GL-00346,Personal,131310.0,15,721,0.32,43,0,0.2073,domestic appliances
GL-00347,Personal,79380.0,13,689,0.32,23,0,0.2429,domestic appliances
GL-00348,Personal,338220.0,24,725,0.08,23,0,0.1549,domestic appliances
GL-00349,Personal,156870.0,6,751,0.08,34,0,0.126,others
GL-00350,Personal,102240.0,9,609,0.39,32,1,0.8458,retraining
GL-00351,Personal,111240.0,9,745,0.08,23,0,0.1327,repairs
GL-00352,Personal,86310.0,9,643,0.15,29,1,0.76,radio/television
GL-00353,Auto,290610.0,18,742,0.16,38,0,0.152,car (used)
GL-00354,Personal,557910.0,12,607,0.39,28,1,0.848,domestic appliances
GL-00355,Personal,65430.0,10,723,0.32,46,0,0.2051,retraining
GL-00356,Auto,112140.0,24,604,0.39,23,1,0.8513,car (new)
GL-00357,Personal,209790.0,12,760,0.08,49,0,0.116,domestic appliances
GL-00358,Personal,401670.0,36,626,0.39,26,1,0.8269,domestic appliances
GL-00359,Personal,69840.0,12,712,0.32,28,0,0.2173,domestic appliances
GL-00360,Personal,216540.0,30,604,0.39,23,1,0.8513,radio/television
GL-00361,Personal,111510.0,18,712,0.32,61,0,0.2173,retraining
GL-00362,Personal,305910.0,12,721,0.16,37,0,0.1753,domestic appliances
GL-00363,Auto,202230.0,12,721,0.16,36,0,0.1753,car (new)
GL-00364,Personal,158940.0,6,744,0.08,21,0,0.1338,radio/television
GL-00365,Personal,222570.0,18,605,0.39,25,1,0.8502,radio/television
GL-00366,Personal,138780.0,12,741,0.16,36,0,0.1531,others
GL-00367,Auto,346500.0,18,723,0.24,27,0,0.1891,car (used)
GL-00368,Personal,328500.0,18,724,0.08,22,0,0.156,radio/television
GL-00369,Personal,310140.0,36,615,0.39,42,1,0.8391,radio/television
GL-00370,Personal,270090.0,18,723,0.16,40,0,0.1731,radio/television
GL-00371,Auto,277110.0,36,717,0.32,36,0,0.2118,car (new)
GL-00372,Personal,546300.0,18,727,0.24,33,0,0.1847,domestic appliances
GL-00373,Personal,193140.0,10,745,0.08,23,0,0.1327,radio/television
GL-00374,Auto,1238040.0,60,757,0.16,63,0,0.1353,car (new)
GL-00375,Personal,1330380.0,60,638,0.31,60,1,0.7976,furniture/equipment
GL-00376,Personal,691650.0,48,636,0.23,37,1,0.7838,others
GL-00377,Personal,208800.0,18,739,0.16,34,0,0.1553,domestic appliances
GL-00378,Personal,76140.0,7,729,0.24,36,0,0.1824,domestic appliances
GL-00379,Auto,1288620.0,36,624,0.39,57,1,0.8291,car (new)
GL-00380,Auto,32580.0,6,726,0.32,52,0,0.2018,car (new)
GL-00381,Personal,199080.0,20,698,0.32,39,0,0.2329,radio/television
GL-00382,Auto,1167840.0,18,625,0.31,38,1,0.812,car (used)
GL-00383,Auto,115470.0,22,710,0.32,25,0,0.2196,car (new)
GL-00384,Auto,119700.0,12,691,0.32,26,0,0.2407,car (new)
GL-00385,Personal,384480.0,30,735,0.16,26,0,0.1598,others
GL-00386,Personal,201420.0,18,734,0.16,25,0,0.1609,domestic appliances
GL-00387,Personal,101340.0,18,708,0.32,21,0,0.2218,domestic appliances
GL-00388,Personal,663660.0,18,699,0.32,40,0,0.2318,radio/television
GL-00389,Personal,209340.0,15,715,0.16,27,0,0.182,others
GL-00390,Personal,130410.0,9,723,0.24,27,0,0.1891,others
GL-00391,Auto,163800.0,18,737,0.16,30,0,0.1576,car (new)
GL-00392,Personal,88470.0,12,722,0.08,19,0,0.1582,radio/television
GL-00393,Auto,292410.0,36,722,0.16,39,0,0.1742,car (new)
GL-00394,Personal,176130.0,6,730,0.08,31,0,0.1493,domestic appliances
GL-00395,Personal,216540.0,9,738,0.16,31,0,0.1564,radio/television
GL-00396,Personal,1058400.0,39,718,0.16,32,0,0.1787,retraining
GL-00397,Personal,232020.0,12,720,0.24,55,0,0.1924,radio/television
GL-00398,Personal,211320.0,36,715,0.24,46,0,0.198,radio/television
GL-00399,Auto,110070.0,12,654,0.15,46,1,0.7478,car (new)
GL-00400,Personal,136440.0,24,721,0.32,43,0,0.2073,domestic appliances
GL-00401,Personal,132570.0,18,730,0.24,39,0,0.1813,domestic appliances
GL-00402,Personal,169830.0,18,692,0.32,28,0,0.2396,others
GL-00403,Personal,778320.0,24,650,0.23,27,1,0.7682,others
GL-00404,Auto,72180.0,14,711,0.32,27,0,0.2184,car (new)
GL-00405,Auto,260910.0,18,701,0.32,43,0,0.2296,car (new)
GL-00406,Personal,183510.0,24,639,0.15,22,1,0.7644,domestic appliances
GL-00407,Auto,197730.0,24,721,0.32,43,0,0.2073,car (used)
GL-00408,Personal,94770.0,15,691,0.32,27,0,0.2407,domestic appliances
GL-00409,Personal,291150.0,24,723,0.24,26,0,0.1891,domestic appliances
GL-00410,Auto,84510.0,12,607,0.39,28,1,0.848,car (new)
GL-00411,Personal,177030.0,24,687,0.32,20,0,0.2451,domestic appliances
GL-00412,Auto,652770.0,33,728,0.24,35,0,0.1836,car (used)
GL-00413,Personal,206280.0,12,635,0.39,42,1,0.8169,others
GL-00414,Auto,143730.0,10,731,0.24,40,0,0.1802,car (new)
GL-00415,Auto,124290.0,24,611,0.39,35,1,0.8436,car (new)
GL-00416,Auto,525780.0,36,740,0.16,35,0,0.1542,car (used)
GL-00417,Auto,232110.0,12,610,0.39,33,1,0.8447,car (new)
GL-00418,Personal,762390.0,18,725,0.08,23,0,0.1549,retraining
GL-00419,Auto,250380.0,21,750,0.08,31,0,0.1271,car (new)
GL-00420,Auto,93780.0,18,610,0.39,33,1,0.8447,car (new)
GL-00421,Auto,286740.0,15,731,0.16,20,0,0.1642,car (new)
GL-00422,Auto,182520.0,12,693,0.32,30,0,0.2384,car (used)
GL-00423,Auto,86220.0,12,727,0.16,47,0,0.1687,car (new)
GL-00424,Personal,143190.0,21,715,0.32,34,0,0.214,radio/television
GL-00425,Personal,248580.0,12,641,0.15,25,1,0.7622,radio/television
GL-00426,Auto,250110.0,18,724,0.08,21,0,0.156,car (used)
GL-00427,Personal,246870.0,28,712,0.32,29,0,0.2173,domestic appliances
GL-00428,Personal,103410.0,18,723,0.32,46,0,0.2051,domestic appliances
GL-00429,Personal,118170.0,9,743,0.08,20,0,0.1349,radio/television
GL-00430,Personal,107100.0,18,647,0.23,55,1,0.7716,education
GL-00431,Personal,310320.0,5,775,0.08,74,0,0.0993,others
GL-00432,Personal,1019520.0,24,631,0.23,29,1,0.7893,furniture/equipment
GL-00433,Personal,168480.0,6,697,0.32,36,0,0.234,radio/television
GL-00434,Personal,185220.0,24,715,0.32,33,0,0.214,education
GL-00435,Personal,192240.0,9,702,0.24,25,0,0.2124,radio/television
GL-00436,Personal,133560.0,12,629,0.23,25,1,0.7916,domestic appliances
GL-00437,Personal,59400.0,6,733,0.16,23,0,0.162,education
GL-00438,Auto,115830.0,24,717,0.32,37,0,0.2118,car (new)
GL-00439,Personal,305460.0,42,714,0.32,65,0,0.2151,education
GL-00440,Personal,54810.0,12,606,0.39,26,1,0.8491,others
GL-00441,Auto,169560.0,12,718,0.32,39,0,0.2107,car (new)
GL-00442,Personal,145800.0,12,717,0.16,30,0,0.1798,radio/television
GL-00443,Personal,236610.0,20,716,0.16,29,0,0.1809,furniture/equipment
GL-00444,Personal,64710.0,12,635,0.39,41,1,0.8169,retraining
GL-00445,Personal,458640.0,48,632,0.23,30,1,0.7882,radio/television
GL-00446,Personal,111960.0,9,720,0.32,41,0,0.2084,retraining
GL-00447,Auto,165780.0,36,610,0.39,34,1,0.8447,car (new)
GL-00448,Personal,231840.0,7,720,0.16,35,0,0.1764,domestic appliances
GL-00449,Personal,128160.0,12,720,0.24,55,0,0.1924,radio/television
GL-00450,Personal,136080.0,15,639,0.31,61,1,0.7964,education
GL-00451,Auto,994860.0,36,713,0.32,30,0,0.2162,car (used)
GL-00452,Personal,46620.0,6,724,0.24,29,0,0.188,domestic appliances
GL-00453,Personal,248310.0,12,739,0.16,34,0,0.1553,radio/television
GL-00454,Auto,240300.0,24,716,0.32,35,0,0.2129,car (used)
GL-00455,Auto,433530.0,24,633,0.23,31,1,0.7871,car (new)
GL-00456,Auto,241110.0,24,712,0.32,29,0,0.2173,car (used)
GL-00457,Auto,351450.0,11,721,0.16,36,0,0.1753,car (new)
GL-00458,Auto,304740.0,12,623,0.31,35,1,0.8142,car (used)
GL-00459,Personal,30870.0,6,691,0.32,27,0,0.2407,repairs
GL-00460,Personal,413460.0,18,726,0.24,32,0,0.1858,domestic appliances
GL-00461,Personal,325800.0,36,733,0.08,37,0,0.146,radio/television
GL-00462,Auto,154890.0,15,721,0.16,36,0,0.1753,car (new)
GL-00463,Personal,271530.0,12,707,0.24,34,0,0.2069,radio/television
GL-00464,Business,67860.0,12,698,0.32,38,0,0.2329,business
GL-00465,Personal,175500.0,18,715,0.32,34,0,0.214,others
GL-00466,Auto,263160.0,24,725,0.24,63,0,0.1869,car (used)
GL-00467,Personal,149310.0,24,607,0.39,29,1,0.848,domestic appliances
GL-00468,Personal,651420.0,48,726,0.24,32,0,0.1858,domestic appliances
GL-00469,Personal,248760.0,33,735,0.16,26,0,0.1598,others
GL-00470,Auto,421110.0,24,728,0.24,35,0,0.1836,car (used)
GL-00471,Personal,278280.0,24,615,0.31,22,1,0.8231,domestic appliances
GL-00472,Personal,40320.0,6,604,0.39,23,1,0.8513,retraining
GL-00473,Auto,58860.0,9,607,0.39,28,1,0.848,car (new)
GL-00474,Business,111420.0,6,717,0.32,36,0,0.2118,business
GL-00475,Personal,112050.0,18,610,0.39,33,1,0.8447,domestic appliances
GL-00476,Personal,280260.0,18,642,0.15,26,1,0.7611,radio/television
GL-00477,Auto,231210.0,39,709,0.32,24,0,0.2207,car (used)
GL-00478,Personal,463680.0,24,690,0.32,25,0,0.2418,domestic appliances
GL-00479,Personal,93330.0,12,710,0.24,39,0,0.2036,others
GL-00480,Personal,133020.0,15,701,0.32,44,0,0.2296,radio/television
GL-00481,Personal,321570.0,12,725,0.08,23,0,0.1549,domestic appliances
GL-00482,Auto,108090.0,24,691,0.32,26,0,0.2407,car (new)
GL-00483,Personal,325980.0,30,709,0.32,57,0,0.2207,radio/television
GL-00484,Personal,86400.0,15,725,0.24,30,0,0.1869,radio/television
GL-00485,Auto,104670.0,12,721,0.32,44,0,0.2073,car (new)
GL-00486,Auto,108810.0,6,618,0.39,47,1,0.8358,car (new)
GL-00487,Personal,276930.0,12,750,0.16,52,0,0.1431,domestic appliances
GL-00488,Auto,338130.0,24,732,0.32,62,0,0.1951,car (new)
GL-00489,Auto,127620.0,10,728,0.24,35,0,0.1836,car (new)
GL-00490,Auto,316620.0,6,735,0.16,26,0,0.1598,car (new)
GL-00491,Personal,174060.0,12,735,0.16,26,0,0.1598,domestic appliances
GL-00492,Personal,748620.0,27,639,0.23,42,1,0.7804,others
GL-00493,Personal,111330.0,6,747,0.08,27,0,0.1304,domestic appliances
GL-00494,Personal,33120.0,6,698,0.32,38,0,0.2329,domestic appliances
GL-00495,Auto,190980.0,12,710,0.24,39,0,0.2036,car (new)
GL-00496,Personal,269640.0,24,626,0.23,20,1,0.7949,radio/television
GL-00497,Personal,813060.0,36,607,0.39,29,1,0.848,radio/television
GL-00498,Personal,142650.0,24,719,0.32,40,0,0.2096,radio/television
GL-00499,Personal,117090.0,18,694,0.32,32,0,0.2373,domestic appliances
GL-00500,Auto,119070.0,6,716,0.16,28,0,0.1809,car (new)
GL-00501,Auto,281070.0,24,606,0.39,27,1,0.8491,car (new)
GL-00502,Auto,494370.0,36,724,0.16,42,0,0.172,car (used)
GL-00503,Personal,101340.0,9,728,0.16,49,0,0.1676,domestic appliances
GL-00504,Personal,109440.0,24,613,0.39,38,1,0.8413,domestic appliances
GL-00505,Auto,108630.0,24,604,0.39,24,1,0.8513,car (new)
GL-00506,Auto,117810.0,10,626,0.39,27,1,0.8269,car (new)
GL-00507,Auto,212400.0,15,721,0.16,36,0,0.1753,car (used)
GL-00508,Auto,616500.0,15,646,0.15,34,1,0.7567,car (new)
GL-00509,Personal,127170.0,24,712,0.32,28,0,0.2173,domestic appliances
GL-00510,Auto,772920.0,39,722,0.32,45,0,0.2062,car (used)
GL-00511,Auto,68310.0,12,606,0.39,26,1,0.8491,car (new)
GL-00512,Auto,421740.0,36,738,0.16,32,0,0.1564,car (used)
GL-00513,Personal,241830.0,15,715,0.16,26,0,0.182,others
GL-00514,Personal,52650.0,12,687,0.32,20,0,0.2451,domestic appliances
GL-00515,Auto,202950.0,24,727,0.32,54,0,0.2007,car (new)
GL-00516,Auto,54810.0,6,697,0.32,37,0,0.234,car (new)
GL-00517,Auto,122490.0,6,723,0.16,40,0,0.1731,car (new)
GL-00518,Personal,641430.0,36,648,0.23,23,1,0.7704,radio/television
GL-00519,Auto,108270.0,6,713,0.24,43,0,0.2002,car (new)
GL-00520,Personal,63000.0,6,717,0.32,36,0,0.2118,domestic appliances
GL-00521,Personal,495630.0,24,733,0.24,44,0,0.178,education
GL-00522,Personal,287100.0,18,628,0.23,24,1,0.7927,domestic appliances
GL-00523,Personal,640710.0,48,634,0.31,53,1,0.802,radio/television
GL-00524,Auto,313920.0,24,721,0.24,23,0,0.1913,car (used)
GL-00525,Personal,100170.0,18,691,0.32,26,0,0.2407,domestic appliances
GL-00526,Auto,716940.0,26,717,0.16,30,0,0.1798,car (used)
GL-00527,Personal,137880.0,15,714,0.32,31,0,0.2151,retraining
GL-00528,Personal,135270.0,4,744,0.16,42,0,0.1498,domestic appliances
GL-00529,Personal,207180.0,36,609,0.39,31,1,0.8458,domestic appliances
GL-00530,Auto,59580.0,6,712,0.24,41,0,0.2013,car (new)
GL-00531,Personal,204570.0,36,706,0.24,32,0,0.208,retraining
GL-00532,Auto,236790.0,15,631,0.23,28,1,0.7893,car (new)
GL-00533,Auto,135270.0,12,720,0.32,41,0,0.2084,car (used)
GL-00534,Personal,117990.0,24,711,0.32,26,0,0.2184,domestic appliances
GL-00535,Personal,279450.0,24,710,0.32,25,0,0.2196,domestic appliances
GL-00536,Personal,208710.0,21,634,0.23,33,1,0.786,retraining
GL-00537,Auto,123660.0,6,720,0.32,75,0,0.2084,car (new)
GL-00538,Personal,325080.0,18,709,0.24,37,0,0.2047,radio/television
GL-00539,Auto,698670.0,48,615,0.39,42,1,0.8391,car (new)
GL-00540,Personal,274410.0,18,738,0.08,45,0,0.1404,radio/television
GL-00541,Personal,138060.0,12,640,0.15,23,1,0.7633,domestic appliances
GL-00542,Auto,182880.0,24,731,0.32,60,0,0.1962,car (new)
GL-00543,Personal,571500.0,30,609,0.39,31,1,0.8458,radio/television
GL-00544,Personal,257760.0,18,634,0.23,34,1,0.786,radio/television
GL-00545,Auto,112950.0,12,732,0.32,61,0,0.1951,car (new)
GL-00546,Auto,119970.0,24,616,0.39,43,1,0.838,car (new)
GL-00547,Auto,181980.0,24,717,0.32,37,0,0.2118,car (new)
GL-00548,Personal,139680.0,24,726,0.24,32,0,0.1858,domestic appliances
GL-00549,Personal,56340.0,12,604,0.39,24,1,0.8513,domestic appliances
GL-00550,Auto,797220.0,48,740,0.16,35,0,0.1542,car (used)
GL-00551,Personal,89640.0,12,709,0.32,23,0,0.2207,education
GL-00552,Personal,157500.0,6,746,0.16,45,0,0.1476,domestic appliances
GL-00553,Home,629910.0,48,646,0.15,34,1,0.7567,domestic appliances
GL-00554,Auto,179550.0,12,691,0.32,27,0,0.2407,car (new)
GL-00555,Personal,107910.0,9,715,0.32,67,0,0.214,retraining
GL-00556,Personal,119790.0,12,627,0.23,22,1,0.7938,domestic appliances
GL-00557,Auto,205020.0,18,619,0.31,28,1,0.8187,car (new)
GL-00558,Auto,450270.0,21,663,0.15,29,1,0.7378,car (new)
GL-00559,Personal,319680.0,24,618,0.31,27,1,0.8198,radio/television
GL-00560,Personal,173520.0,18,633,0.23,31,1,0.7871,radio/television
GL-00561,Auto,266760.0,24,704,0.32,49,0,0.2262,car (used)
GL-00562,Personal,139140.0,24,604,0.39,24,1,0.8513,domestic appliances
GL-00563,Personal,61470.0,6,716,0.16,29,0,0.1809,domestic appliances
GL-00564,Auto,1115010.0,36,648,0.15,37,1,0.7544,car (new)
GL-00565,Personal,424080.0,24,697,0.32,37,0,0.234,others
GL-00566,Personal,139770.0,24,701,0.24,23,0,0.2136,domestic appliances
GL-00567,Auto,123480.0,12,636,0.23,36,1,0.7838,car (new)
GL-00568,Personal,232020.0,24,739,0.16,34,0,0.1553,domestic appliances
GL-00569,Personal,358110.0,48,700,0.32,41,0,0.2307,domestic appliances
GL-00570,Personal,608220.0,48,621,0.31,31,1,0.8164,domestic appliances
GL-00571,Personal,291060.0,24,604,0.39,23,1,0.8513,radio/television
GL-00572,Personal,535860.0,30,730,0.24,38,0,0.1813,domestic appliances
GL-00573,Auto,488970.0,24,735,0.16,26,0,0.1598,car (used)
GL-00574,Personal,72540.0,15,688,0.32,22,0,0.244,others
GL-00575,Personal,97380.0,9,691,0.32,27,0,0.2407,domestic appliances
GL-00576,Personal,250920.0,15,733,0.16,24,0,0.162,radio/television
GL-00577,Personal,263700.0,12,715,0.16,27,0,0.182,domestic appliances
GL-00578,Personal,173430.0,24,727,0.24,33,0,0.1847,retraining
GL-00579,Auto,253800.0,36,606,0.39,27,1,0.8491,car (new)
GL-00580,Business,84330.0,24,711,0.32,27,0,0.2184,business
GL-00581,Auto,95040.0,18,620,0.31,30,1,0.8176,car (new)
GL-00582,Auto,281160.0,12,740,0.08,49,0,0.1382,car (new)
GL-00583,Personal,124920.0,9,711,0.32,26,0,0.2184,radio/television
GL-00584,Personal,214560.0,36,610,0.39,33,1,0.8447,education
GL-00585,Auto,191970.0,12,726,0.32,52,0,0.2018,car (new)
GL-00586,Personal,183510.0,18,638,0.15,20,1,0.7656,radio/television
GL-00587,Auto,251910.0,9,721,0.16,36,0,0.1753,car (new)
GL-00588,Personal,116010.0,12,688,0.32,21,0,0.244,radio/television
GL-00589,Personal,109530.0,18,618,0.39,47,1,0.8358,repairs
GL-00590,Personal,202140.0,12,638,0.31,60,1,0.7976,radio/television
GL-00591,Personal,34650.0,12,710,0.32,58,0,0.2196,domestic appliances
GL-00592,Auto,176850.0,24,700,0.32,42,0,0.2307,car (new)
GL-00593,Personal,141480.0,21,717,0.32,36,0,0.2118,others
GL-00594,Auto,244620.0,24,614,0.31,20,1,0.8242,car (new)
GL-00595,Personal,122220.0,24,614,0.39,40,1,0.8402,furniture/equipment
GL-00596,Auto,83790.0,6,645,0.15,32,1,0.7578,car (new)
GL-00597,Auto,129780.0,24,604,0.39,23,1,0.8513,car (new)
GL-00598,Home,381690.0,24,648,0.15,36,1,0.7544,others
GL-00599,Auto,249750.0,18,653,0.23,31,1,0.7649,car (new)
GL-00600,Personal,347670.0,24,750,0.08,32,0,0.1271,others
GL-00601,Personal,209610.0,7,738,0.08,45,0,0.1404,domestic appliances
GL-00602,Personal,82620.0,9,608,0.39,30,1,0.8469,radio/television
GL-00603,Personal,165330.0,24,610,0.39,34,1,0.8447,retraining
GL-00604,Personal,301410.0,36,627,0.39,28,1,0.8258,radio/television
GL-00605,Personal,114750.0,10,689,0.32,23,0,0.2429,radio/television
GL-00606,Personal,254520.0,24,688,0.32,22,0,0.244,radio/television
GL-00607,Home,407340.0,24,751,0.24,74,0,0.158,others
GL-00608,Personal,240390.0,36,620,0.39,50,1,0.8336,domestic appliances
GL-00609,Personal,184590.0,18,715,0.32,33,0,0.214,domestic appliances
GL-00610,Auto,117000.0,15,722,0.32,45,0,0.2062,car (used)
GL-00611,Personal,66690.0,12,603,0.39,22,1,0.8524,repairs
GL-00612,Auto,111600.0,10,655,0.15,48,1,0.7467,car (new)
GL-00613,Personal,302130.0,21,692,0.32,29,0,0.2396,domestic appliances
GL-00614,Auto,326880.0,24,724,0.08,22,0,0.156,car (used)
GL-00615,Personal,162720.0,18,623,0.39,22,1,0.8302,radio/television
GL-00616,Personal,1098360.0,48,728,0.16,48,0,0.1676,others
GL-00617,Personal,824130.0,60,715,0.16,27,0,0.182,domestic appliances
GL-00618,Auto,330840.0,6,733,0.08,37,0,0.146,car (new)
GL-00619,Personal,309690.0,30,627,0.23,21,1,0.7938,radio/television
GL-00620,Auto,57600.0,12,724,0.32,49,0,0.204,car (new)
GL-00621,Personal,328680.0,21,715,0.16,27,0,0.182,others
GL-00622,Auto,137700.0,18,641,0.31,32,1,0.7942,car (new)
GL-00623,Personal,352260.0,48,633,0.39,38,1,0.8191,others
GL-00624,Personal,167220.0,12,688,0.32,22,0,0.244,radio/television
GL-00625,Personal,234000.0,18,629,0.39,65,1,0.8236,domestic appliances
GL-00626,Personal,178110.0,15,716,0.32,35,0,0.2129,domestic appliances
GL-00627,Personal,190440.0,6,724,0.16,41,0,0.172,radio/television
GL-00628,Auto,129330.0,9,631,0.23,29,1,0.7893,car (new)
GL-00629,Home,363780.0,42,717,0.32,36,0,0.2118,radio/television
GL-00630,Personal,344880.0,9,769,0.08,64,0,0.106,retraining
GL-00631,Personal,329400.0,24,716,0.16,28,0,0.1809,domestic appliances
GL-00632,Personal,139770.0,18,616,0.39,44,1,0.838,radio/television
GL-00633,Personal,129960.0,15,689,0.32,23,0,0.2429,domestic appliances
GL-00634,Personal,178200.0,9,645,0.23,19,1,0.7738,radio/television
GL-00635,Auto,121950.0,24,617,0.31,25,1,0.8209,car (new)
GL-00636,Personal,125370.0,12,723,0.32,47,0,0.2051,retraining
GL-00637,Personal,123840.0,24,712,0.32,28,0,0.2173,domestic appliances
GL-00638,Personal,1408770.0,60,732,0.16,21,0,0.1631,domestic appliances
GL-00639,Personal,134370.0,12,715,0.32,34,0,0.214,domestic appliances
GL-00640,Personal,393300.0,42,618,0.31,26,1,0.8198,domestic appliances
GL-00641,Personal,67500.0,18,606,0.39,27,1,0.8491,retraining
GL-00642,Personal,117720.0,15,698,0.32,38,0,0.2329,education
GL-00643,Personal,416070.0,15,646,0.31,40,1,0.7887,retraining
GL-00644,Personal,166590.0,24,715,0.32,33,0,0.214,domestic appliances
GL-00645,Personal,169200.0,18,694,0.32,32,0,0.2373,domestic appliances
GL-00646,Personal,718200.0,36,626,0.39,27,1,0.8269,others
GL-00647,Home,412470.0,30,718,0.16,32,0,0.1787,radio/television
GL-00648,Auto,124740.0,12,650,0.23,26,1,0.7682,car (new)
GL-00649,Auto,85230.0,24,613,0.39,38,1,0.8413,car (new)
GL-00650,Personal,61560.0,12,614,0.39,40,1,0.8402,retraining
GL-00651,Personal,672840.0,48,705,0.32,50,0,0.2251,retraining
GL-00652,Personal,172980.0,12,612,0.39,37,1,0.8424,radio/television
GL-00653,Auto,207270.0,24,617,0.39,45,1,0.8369,car (new)
GL-00654,Auto,727740.0,36,639,0.23,42,1,0.7804,car (new)
GL-00655,Auto,211140.0,24,716,0.32,35,0,0.2129,car (used)
GL-00656,Auto,357570.0,14,724,0.08,22,0,0.156,car (new)
GL-00657,Auto,79920.0,12,615,0.39,41,1,0.8391,car (new)
GL-00658,Personal,919980.0,48,717,0.32,37,0,0.2118,domestic appliances
GL-00659,Personal,379890.0,30,716,0.16,28,0,0.1809,others
GL-00660,Personal,572490.0,18,724,0.16,41,0,0.172,radio/television
GL-00661,Personal,116730.0,12,701,0.24,23,0,0.2136,domestic appliances
GL-00662,Auto,81000.0,12,604,0.39,23,1,0.8513,car (new)
GL-00663,Personal,201690.0,21,725,0.32,50,0,0.2029,radio/television
GL-00664,Personal,94500.0,6,696,0.32,35,0,0.2351,radio/television
GL-00665,Personal,94230.0,6,729,0.16,50,0,0.1664,retraining
GL-00666,Personal,568260.0,24,711,0.32,27,0,0.2184,furniture/equipment
GL-00667,Personal,314640.0,30,695,0.32,34,0,0.2362,radio/television
GL-00668,Personal,324810.0,48,747,0.08,27,0,0.1304,others
GL-00669,Auto,435870.0,12,628,0.31,43,1,0.8087,car (new)
GL-00670,Personal,271530.0,30,703,0.32,47,0,0.2273,domestic appliances
GL-00671,Personal,372510.0,24,723,0.24,27,0,0.1891,others
GL-00672,Personal,516780.0,36,738,0.16,31,0,0.1564,others
GL-00673,Auto,932940.0,60,744,0.16,42,0,0.1498,car (new)
GL-00674,Auto,187200.0,6,745,0.08,24,0,0.1327,car (new)
GL-00675,Personal,232200.0,21,635,0.39,41,1,0.8169,others
GL-00676,Personal,407700.0,30,711,0.32,26,0,0.2184,domestic appliances
GL-00677,Personal,463500.0,24,715,0.32,33,0,0.214,radio/television
GL-00678,Personal,503550.0,72,628,0.23,24,1,0.7927,domestic appliances
GL-00679,Personal,214560.0,24,713,0.32,64,0,0.2162,domestic appliances
GL-00680,Personal,130770.0,18,723,0.24,26,0,0.1891,domestic appliances
GL-00681,Personal,138420.0,6,765,0.08,56,0,0.1104,retraining
GL-00682,Personal,205110.0,12,717,0.32,37,0,0.2118,domestic appliances
GL-00683,Personal,133020.0,15,715,0.32,33,0,0.214,domestic appliances
GL-00684,Personal,459270.0,24,735,0.24,47,0,0.1758,domestic appliances
GL-00685,Personal,887130.0,36,730,0.08,31,0,0.1493,others
GL-00686,Auto,587430.0,60,715,0.32,34,0,0.214,car (new)
GL-00687,Personal,121230.0,10,691,0.32,27,0,0.2407,domestic appliances
GL-00688,Auto,257580.0,36,693,0.32,30,0,0.2384,car (new)
GL-00689,Personal,247770.0,9,728,0.24,35,0,0.1836,domestic appliances
GL-00690,Auto,328590.0,12,730,0.08,31,0,0.1493,car (new)
GL-00691,Personal,87750.0,15,714,0.16,25,0,0.1831,radio/television
GL-00692,Personal,236790.0,15,702,0.24,25,0,0.2124,education
GL-00693,Personal,260640.0,24,716,0.16,29,0,0.1809,domestic appliances
GL-00694,Home,424440.0,6,737,0.08,44,0,0.1416,car (new)
GL-00695,Personal,205560.0,24,712,0.32,28,0,0.2173,domestic appliances
GL-00696,Auto,111240.0,6,749,0.16,50,0,0.1442,car (used)
GL-00697,Personal,99270.0,12,692,0.32,29,0,0.2396,domestic appliances
GL-00698,Auto,83340.0,12,754,0.08,38,0,0.1227,car (new)
GL-00699,Personal,162000.0,18,709,0.32,24,0,0.2207,domestic appliances
GL-00700,Personal,171450.0,15,699,0.32,40,0,0.2318,retraining
GL-00701,Personal,101070.0,12,627,0.39,29,1,0.8258,radio/television
GL-00702,Auto,569790.0,48,618,0.39,46,1,0.8358,car (used)
GL-00703,Personal,123930.0,24,703,0.32,47,0,0.2273,domestic appliances
GL-00704,Personal,225270.0,30,700,0.32,41,0,0.2307,others
GL-00705,Personal,227520.0,27,694,0.32,32,0,0.2373,others
GL-00706,Auto,479160.0,15,752,0.08,35,0,0.1249,car (new)
GL-00707,Auto,590400.0,48,616,0.31,24,1,0.822,car (new)
GL-00708,Personal,267210.0,12,605,0.39,25,1,0.8502,radio/television
GL-00709,Personal,108540.0,9,690,0.32,25,0,0.2418,domestic appliances
GL-00710,Personal,190620.0,9,721,0.16,37,0,0.1753,domestic appliances
GL-00711,Personal,56610.0,18,714,0.32,32,0,0.2151,domestic appliances
GL-00712,Personal,107820.0,6,611,0.39,35,1,0.8436,retraining
GL-00713,Auto,222840.0,21,723,0.32,46,0,0.2051,car (used)
GL-00714,Personal,102420.0,9,690,0.32,25,0,0.2418,domestic appliances
GL-00715,Auto,1262430.0,60,606,0.39,27,1,0.8491,car (new)
GL-00716,Auto,683640.0,30,769,0.08,63,0,0.106,car (used)
GL-00717,Personal,276930.0,30,731,0.24,40,0,0.1802,domestic appliances
GL-00718,Personal,135450.0,18,714,0.32,32,0,0.2151,domestic appliances
GL-00719,Personal,283320.0,24,706,0.24,31,0,0.208,domestic appliances
GL-00720,Auto,553320.0,20,706,0.24,31,0,0.208,car (used)
GL-00721,Personal,120330.0,9,610,0.39,34,1,0.8447,domestic appliances
GL-00722,Personal,38970.0,6,604,0.39,24,1,0.8513,retraining
GL-00723,Auto,110520.0,12,604,0.39,24,1,0.8513,car (new)
GL-00724,Personal,71100.0,9,715,0.32,66,0,0.214,domestic appliances
GL-00725,Auto,231300.0,27,635,0.31,21,1,0.8009,car (new)
GL-00726,Auto,22500.0,6,744,0.16,41,0,0.1498,car (new)
GL-00727,Personal,118440.0,15,747,0.16,47,0,0.1464,domestic appliances
GL-00728,Personal,169380.0,18,605,0.39,25,1,0.8502,domestic appliances
GL-00729,Personal,577440.0,48,625,0.39,59,1,0.828,others
GL-00730,Personal,114750.0,24,721,0.16,36,0,0.1753,others
GL-00731,Personal,576270.0,24,731,0.08,33,0,0.1482,domestic appliances
GL-00732,Personal,178830.0,24,627,0.23,21,1,0.7938,domestic appliances
GL-00733,Personal,68400.0,8,701,0.32,44,0,0.2296,domestic appliances
GL-00734,Auto,234270.0,24,736,0.16,28,0,0.1587,car (used)
GL-00735,Auto,304200.0,4,753,0.08,37,0,0.1238,car (new)
GL-00736,Personal,359100.0,36,704,0.24,29,0,0.2102,repairs
GL-00737,Auto,1040400.0,24,640,0.15,23,1,0.7633,car (used)
GL-00738,Auto,394200.0,18,708,0.24,35,0,0.2058,car (new)
GL-00739,Auto,608490.0,6,758,0.08,45,0,0.1182,car (new)
GL-00740,Personal,385200.0,30,606,0.39,26,1,0.8491,others
GL-00741,Auto,209250.0,24,718,0.16,32,0,0.1787,car (new)
GL-00742,Personal,94320.0,10,689,0.32,23,0,0.2429,domestic appliances
GL-00743,Personal,284400.0,21,720,0.32,41,0,0.2084,domestic appliances
GL-00744,Personal,223470.0,24,688,0.32,22,0,0.244,radio/television
GL-00745,Personal,1276110.0,39,693,0.32,30,0,0.2384,radio/television
GL-00746,Personal,161730.0,13,704,0.24,28,0,0.2102,others
GL-00747,Auto,225990.0,15,725,0.08,23,0,0.1549,car (new)
GL-00748,Auto,114660.0,12,624,0.31,37,1,0.8131,car (new)
GL-00749,Auto,472320.0,21,747,0.08,26,0,0.1304,car (used)
GL-00750,Auto,272610.0,15,739,0.16,33,0,0.1553,car (used)
GL-00751,Personal,38520.0,6,728,0.16,49,0,0.1676,radio/television
GL-00752,Auto,87840.0,18,640,0.15,23,1,0.7633,car (new)
GL-00753,Personal,75690.0,12,713,0.16,23,0,0.1842,others
GL-00754,Personal,519390.0,30,710,0.32,25,0,0.2196,domestic appliances
GL-00755,Personal,139950.0,12,643,0.39,55,1,0.808,education
GL-00756,Auto,115650.0,24,609,0.39,32,1,0.8458,car (new)
GL-00757,Auto,116910.0,6,755,0.08,74,0,0.1216,car (new)
GL-00758,Personal,114390.0,15,625,0.31,39,1,0.812,domestic appliances
GL-00759,Auto,125370.0,24,738,0.16,31,0,0.1564,car (new)
GL-00760,Auto,62190.0,12,611,0.39,35,1,0.8436,car (new)
GL-00761,Auto,454050.0,15,766,0.08,59,0,0.1093,car (new)
GL-00762,Personal,191160.0,18,604,0.39,24,1,0.8513,radio/television
GL-00763,Personal,199260.0,12,689,0.32,24,0,0.2429,domestic appliances
GL-00764,Auto,1141200.0,21,628,0.39,30,1,0.8247,car (new)
GL-00765,Auto,221670.0,24,711,0.32,27,0,0.2184,car (new)
GL-00766,Personal,103950.0,12,711,0.24,40,0,0.2024,domestic appliances
GL-00767,Personal,279720.0,30,633,0.23,31,1,0.7871,radio/television
GL-00768,Auto,261090.0,10,750,0.08,31,0,0.1271,car (used)
GL-00769,Personal,325530.0,12,728,0.08,28,0,0.1516,radio/television
GL-00770,Personal,148950.0,12,757,0.16,63,0,0.1353,domestic appliances
GL-00771,Auto,253080.0,24,715,0.16,26,0,0.182,car (used)
GL-00772,Personal,725850.0,36,617,0.31,25,1,0.8209,retraining
GL-00773,Auto,294750.0,21,753,0.08,36,0,0.1238,car (used)
GL-00774,Personal,200070.0,24,726,0.32,52,0,0.2018,domestic appliances
GL-00775,Auto,133200.0,12,739,0.16,66,0,0.1553,car (new)
GL-00776,Auto,123390.0,24,605,0.39,25,1,0.8502,car (new)
GL-00777,Auto,318150.0,36,717,0.32,37,0,0.2118,car (new)
GL-00778,Personal,315810.0,18,690,0.32,25,0,0.2418,domestic appliances
GL-00779,Auto,513990.0,36,718,0.32,38,0,0.2107,car (used)
GL-00780,Personal,348480.0,18,739,0.16,67,0,0.1553,education
GL-00781,Home,443970.0,39,629,0.23,25,1,0.7916,domestic appliances
GL-00782,Auto,174600.0,24,731,0.32,60,0,0.1962,car (new)
GL-00783,Business,126900.0,12,718,0.16,31,0,0.1787,business
GL-00784,Auto,75240.0,12,604,0.39,23,1,0.8513,car (new)
GL-00785,Home,582120.0,20,747,0.08,60,0,0.1304,car (used)
GL-00786,Personal,174690.0,18,696,0.32,35,0,0.2351,others
GL-00787,Personal,240750.0,22,731,0.24,40,0,0.1802,domestic appliances
GL-00788,Auto,247590.0,48,718,0.32,38,0,0.2107,car (used)
GL-00789,Personal,560160.0,48,620,0.39,50,1,0.8336,retraining
GL-00790,Personal,539820.0,40,606,0.39,27,1,0.8491,retraining
GL-00791,Personal,106920.0,21,637,0.23,39,1,0.7827,others
GL-00792,Auto,568170.0,24,732,0.24,41,0,0.1791,car (used)
GL-00793,Personal,109890.0,6,747,0.08,27,0,0.1304,radio/television
GL-00794,Personal,260280.0,24,718,0.24,51,0,0.1947,radio/television
GL-00795,Personal,275580.0,24,714,0.32,32,0,0.2151,radio/television
GL-00796,Personal,207090.0,9,732,0.16,22,0,0.1631,radio/television
GL-00797,Auto,675990.0,18,657,0.15,51,1,0.7444,car (used)
GL-00798,Personal,113220.0,12,732,0.16,22,0,0.1631,radio/television
GL-00799,Auto,64530.0,24,727,0.32,54,0,0.2007,car (new)
GL-00800,Auto,139410.0,9,696,0.32,35,0,0.2351,car (new)
GL-00801,Personal,143730.0,24,727,0.32,54,0,0.2007,retraining
GL-00802,Personal,161550.0,18,716,0.24,48,0,0.1969,domestic appliances
GL-00803,Personal,384480.0,20,725,0.08,24,0,0.1549,radio/television
GL-00804,Personal,87840.0,12,716,0.32,35,0,0.2129,domestic appliances
GL-00805,Home,672480.0,12,725,0.08,24,0,0.1549,car (new)
GL-00806,Auto,834390.0,36,628,0.23,24,1,0.7927,car (new)
GL-00807,Personal,53100.0,6,703,0.24,26,0,0.2113,domestic appliances
GL-00808,Personal,83700.0,12,734,0.32,65,0,0.1929,domestic appliances
GL-00809,Auto,835470.0,42,744,0.08,55,0,0.1338,car (used)
GL-00810,Auto,160020.0,15,630,0.23,26,1,0.7904,car (new)
GL-00811,Personal,81630.0,8,703,0.24,26,0,0.2113,others
GL-00812,Personal,43560.0,6,704,0.24,28,0,0.2102,domestic appliances
GL-00813,Auto,866610.0,36,604,0.39,24,1,0.8513,car (used)
GL-00814,Personal,274590.0,48,634,0.31,54,1,0.802,repairs
GL-00815,Auto,353790.0,48,618,0.39,46,1,0.8358,car (new)
GL-00816,Auto,668880.0,36,731,0.16,54,0,0.1642,car (new)
GL-00817,Personal,120420.0,6,768,0.08,62,0,0.1071,repairs
GL-00818,Personal,139860.0,6,745,0.08,24,0,0.1327,domestic appliances
GL-00819,Personal,1427130.0,36,725,0.16,43,0,0.1709,furniture/equipment
GL-00820,Personal,121050.0,18,606,0.39,26,1,0.8491,domestic appliances
GL-00821,Auto,99090.0,12,723,0.24,27,0,0.1891,car (new)
GL-00822,Personal,271440.0,12,701,0.24,24,0,0.2136,domestic appliances
GL-00823,Personal,244080.0,36,639,0.23,41,1,0.7804,radio/television
GL-00824,Auto,65790.0,8,703,0.32,47,0,0.2273,car (new)
GL-00825,Personal,340200.0,18,728,0.24,35,0,0.1836,radio/television
GL-00826,Auto,144180.0,21,693,0.32,30,0,0.2384,car (new)
GL-00827,Auto,356940.0,18,646,0.15,33,1,0.7567,car (new)
GL-00828,Personal,374850.0,18,656,0.23,36,1,0.7616,others
GL-00829,Auto,750150.0,36,630,0.31,47,1,0.8064,car (used)
GL-00830,Personal,601290.0,48,698,0.32,38,0,0.2329,others
GL-00831,Personal,213750.0,24,721,0.32,44,0,0.2073,others
GL-00832,Auto,109440.0,18,604,0.39,23,1,0.8513,car (new)
GL-00833,Personal,1063440.0,45,631,0.23,29,1,0.7893,others
GL-00834,Personal,457560.0,24,724,0.16,42,0,0.172,domestic appliances
GL-00835,Personal,209430.0,15,629,0.23,25,1,0.7916,domestic appliances
GL-00836,Auto,97380.0,12,619,0.39,48,1,0.8347,car (new)
GL-00837,Personal,79740.0,12,708,0.32,21,0,0.2218,domestic appliances
GL-00838,Personal,54090.0,4,745,0.08,23,0,0.1327,radio/television
GL-00839,Auto,266130.0,24,713,0.32,63,0,0.2162,car (used)
GL-00840,Personal,234990.0,24,723,0.32,46,0,0.2051,domestic appliances
GL-00841,Personal,466110.0,36,607,0.39,29,1,0.848,radio/television
GL-00842,Auto,269370.0,21,724,0.24,28,0,0.188,car (used)
GL-00843,Personal,174870.0,18,624,0.39,23,1,0.8291,education
GL-00844,Personal,140310.0,24,725,0.32,50,0,0.2029,others
GL-00845,Personal,307980.0,18,723,0.32,47,0,0.2051,radio/television
GL-00846,Personal,357840.0,21,720,0.16,35,0,0.1764,radio/television
GL-00847,Auto,608490.0,18,675,0.23,68,1,0.7404,car (new)
GL-00848,Auto,112410.0,24,712,0.32,28,0,0.2173,car (new)
GL-00849,Personal,122760.0,9,722,0.24,59,0,0.1902,domestic appliances
GL-00850,Personal,63810.0,12,624,0.39,57,1,0.8291,domestic appliances
GL-00851,Auto,201150.0,20,610,0.39,33,1,0.8447,car (new)
GL-00852,Auto,363780.0,24,733,0.24,43,0,0.178,car (used)
GL-00853,Personal,132390.0,15,716,0.32,35,0,0.2129,domestic appliances
GL-00854,Auto,129780.0,18,609,0.39,32,1,0.8458,car (new)
GL-00855,Auto,978750.0,36,746,0.16,45,0,0.1476,car (new)
GL-00856,Auto,132660.0,24,715,0.32,33,0,0.214,car (new)
GL-00857,Business,80460.0,10,719,0.32,40,0,0.2096,business
GL-00858,Personal,300870.0,15,712,0.32,28,0,0.2173,radio/television
GL-00859,Auto,356310.0,15,619,0.31,29,1,0.8187,car (new)
GL-00860,Auto,321930.0,9,747,0.08,26,0,0.1304,car (new)
GL-00861,Home,522360.0,24,711,0.32,27,0,0.2184,car (used)
GL-00862,Personal,195210.0,18,627,0.39,28,1,0.8258,others
GL-00863,Personal,219510.0,24,611,0.39,35,1,0.8436,domestic appliances
GL-00864,Home,407340.0,27,714,0.32,32,0,0.2151,radio/television
GL-00865,Personal,198900.0,10,649,0.23,25,1,0.7693,radio/television
GL-00866,Personal,199890.0,15,731,0.16,20,0,0.1642,radio/television
GL-00867,Personal,215010.0,18,691,0.32,27,0,0.2407,domestic appliances
GL-00868,Personal,299790.0,12,744,0.16,42,0,0.1498,radio/television
GL-00869,Personal,666810.0,36,729,0.24,37,0,0.1824,others
GL-00870,Personal,58680.0,12,689,0.32,24,0,0.2429,radio/television
GL-00871,Personal,691020.0,36,743,0.16,40,0,0.1509,radio/television
GL-00872,Auto,120870.0,6,739,0.08,46,0,0.1393,car (new)
GL-00873,Personal,124380.0,24,691,0.32,26,0,0.2407,others
GL-00874,Personal,78660.0,15,709,0.32,24,0,0.2207,repairs
GL-00875,Personal,323100.0,12,716,0.16,29,0,0.1809,radio/television
GL-00876,Auto,118980.0,11,699,0.32,40,0,0.2318,car (new)
GL-00877,Personal,174600.0,18,709,0.24,36,0,0.2047,domestic appliances
GL-00878,Personal,323550.0,36,712,0.32,28,0,0.2173,domestic appliances
GL-00879,Auto,127980.0,9,618,0.31,27,1,0.8198,car (new)
GL-00880,Personal,606780.0,30,741,0.16,36,0,0.1531,domestic appliances
GL-00881,Auto,703260.0,24,730,0.24,38,0,0.1813,car (used)
GL-00882,Auto,834930.0,24,748,0.16,48,0,0.1453,car (used)
GL-00883,Auto,196290.0,30,697,0.32,36,0,0.234,car (new)
GL-00884,Personal,98820.0,18,734,0.32,65,0,0.1929,domestic appliances
GL-00885,Personal,365130.0,24,628,0.31,43,1,0.8087,radio/television
GL-00886,Personal,71550.0,12,622,0.39,53,1,0.8313,retraining
GL-00887,Personal,254250.0,24,695,0.32,34,0,0.2362,others
GL-00888,Personal,1410480.0,48,628,0.23,23,1,0.7927,others
GL-00889,Auto,595260.0,36,715,0.32,34,0,0.214,car (new)
GL-00890,Home,704160.0,28,731,0.24,40,0,0.1802,car (used)
GL-00891,Personal,219780.0,27,701,0.32,43,0,0.2296,others
GL-00892,Personal,164610.0,15,723,0.32,46,0,0.2051,domestic appliances
GL-00893,Auto,195390.0,12,698,0.32,38,0,0.2329,car (new)
GL-00894,Auto,522000.0,36,707,0.24,34,0,0.2069,car (used)
GL-00895,Personal,105210.0,18,712,0.32,29,0,0.2173,domestic appliances
GL-00896,Auto,805230.0,36,726,0.24,31,0,0.1858,car (used)
GL-00897,Personal,234540.0,21,692,0.32,28,0,0.2396,domestic appliances
GL-00898,Personal,143280.0,12,728,0.24,35,0,0.1836,radio/television
GL-00899,Personal,196740.0,15,751,0.08,33,0,0.126,radio/television
GL-00900,Personal,373770.0,18,639,0.23,42,1,0.7804,radio/television
GL-00901,Auto,236250.0,16,640,0.23,43,1,0.7793,car (new)
GL-00902,Auto,313650.0,20,745,0.16,44,0,0.1487,car (new)
GL-00903,Auto,942930.0,36,744,0.16,42,0,0.1498,car (used)
GL-00904,Personal,124740.0,15,719,0.32,40,0,0.2096,domestic appliances
GL-00905,Personal,115020.0,24,717,0.32,36,0,0.2118,domestic appliances
GL-00906,Personal,99630.0,12,711,0.16,20,0,0.1864,domestic appliances
GL-00907,Auto,338670.0,21,713,0.16,24,0,0.1842,car (new)
GL-00908,Personal,333990.0,36,715,0.16,27,0,0.182,retraining
GL-00909,Auto,323460.0,15,759,0.08,46,0,0.1171,car (used)
GL-00910,Auto,287550.0,9,731,0.08,33,0,0.1482,car (new)
GL-00911,Home,400860.0,36,715,0.32,34,0,0.214,domestic appliances
GL-00912,Personal,426240.0,24,629,0.23,25,1,0.7916,radio/television
GL-00913,Personal,269190.0,30,714,0.16,25,0,0.1831,domestic appliances
GL-00914,Personal,192780.0,11,748,0.08,28,0,0.1293,others
GL-00915,Personal,284490.0,24,609,0.39,31,1,0.8458,others
GL-00916,Personal,1658160.0,48,645,0.15,32,1,0.7578,furniture/equipment
GL-00917,Auto,256320.0,10,750,0.08,32,0,0.1271,car (used)
GL-00918,Auto,1340640.0,6,667,0.15,68,1,0.7333,car (new)
GL-00919,Personal,212310.0,24,646,0.15,33,1,0.7567,radio/television
GL-00920,Personal,301050.0,24,613,0.39,39,1,0.8413,radio/television
GL-00921,Personal,163530.0,18,712,0.32,28,0,0.2173,radio/television
GL-00922,Personal,1147410.0,48,717,0.32,37,0,0.2118,domestic appliances
GL-00923,Personal,122940.0,9,615,0.31,22,1,0.8231,domestic appliances
GL-00924,Auto,180180.0,12,705,0.24,30,0,0.2091,car (new)
GL-00925,Personal,618480.0,24,647,0.23,55,1,0.7716,radio/television
GL-00926,Auto,62730.0,12,618,0.39,46,1,0.8358,car (new)
GL-00927,Personal,94410.0,18,688,0.32,21,0,0.244,radio/television
GL-00928,Auto,926730.0,48,613,0.39,39,1,0.8413,car (used)
GL-00929,Personal,168030.0,30,730,0.32,58,0,0.1973,domestic appliances
GL-00930,Auto,120960.0,12,701,0.32,43,0,0.2296,car (new)
GL-00931,Personal,157230.0,24,689,0.32,24,0,0.2429,radio/television
GL-00932,Personal,150300.0,9,603,0.39,22,1,0.8524,domestic appliances
GL-00933,Auto,110160.0,9,725,0.24,30,0,0.1869,car (new)
GL-00934,Personal,46980.0,12,720,0.32,42,0,0.2084,domestic appliances
GL-00935,Personal,134820.0,12,689,0.32,23,0,0.2429,domestic appliances
GL-00936,Personal,172710.0,30,608,0.39,30,1,0.8469,domestic appliances
GL-00937,Personal,67050.0,9,619,0.31,28,1,0.8187,domestic appliances
GL-00938,Personal,185670.0,6,693,0.32,30,0,0.2384,domestic appliances
GL-00939,Personal,565920.0,60,615,0.39,42,1,0.8391,retraining
GL-00940,Auto,615780.0,24,747,0.16,46,0,0.1464,car (used)
GL-00941,Auto,317430.0,12,746,0.16,45,0,0.1476,car (new)
GL-00942,Auto,139140.0,10,726,0.24,31,0,0.1858,car (new)
GL-00943,Personal,83610.0,24,714,0.32,31,0,0.2151,radio/television
GL-00944,Auto,130950.0,4,744,0.16,42,0,0.1498,car (new)
GL-00945,Personal,166050.0,15,703,0.32,46,0,0.2273,radio/television
GL-00946,Auto,752220.0,48,729,0.08,30,0,0.1504,car (new)
GL-00947,Personal,301410.0,24,608,0.39,30,1,0.8469,radio/television
GL-00948,Auto,257310.0,12,718,0.32,38,0,0.2107,car (new)
GL-00949,Personal,137970.0,18,636,0.39,43,1,0.8158,radio/television
GL-00950,Personal,325890.0,24,653,0.23,31,1,0.7649,domestic appliances
GL-00951,Personal,323100.0,18,711,0.24,40,0,0.2024,others
GL-00952,Personal,193050.0,36,628,0.23,24,1,0.7927,others
GL-00953,Auto,370170.0,24,619,0.31,28,1,0.8187,car (used)
GL-00954,Personal,987660.0,36,626,0.39,26,1,0.8269,radio/television
GL-00955,Auto,170370.0,12,692,0.32,29,0,0.2396,car (new)
GL-00956,Personal,110790.0,24,709,0.32,57,0,0.2207,domestic appliances
GL-00957,Personal,329040.0,30,704,0.32,49,0,0.2262,domestic appliances
GL-00958,Personal,103860.0,9,721,0.16,37,0,0.1753,domestic appliances
GL-00959,Auto,360540.0,28,629,0.31,45,1,0.8076,car (new)
GL-00960,Personal,276210.0,24,693,0.32,30,0,0.2384,radio/television
GL-00961,Personal,156600.0,6,737,0.16,30,0,0.1576,domestic appliances
GL-00962,Auto,211770.0,21,739,0.08,47,0,0.1393,car (new)
GL-00963,Auto,320040.0,15,724,0.24,29,0,0.188,car (new)
GL-00964,Personal,215730.0,24,643,0.31,35,1,0.792,domestic appliances
GL-00965,Personal,40860.0,6,700,0.24,22,0,0.2147,education
GL-00966,Personal,154350.0,30,691,0.32,26,0,0.2407,domestic appliances
GL-00967,Personal,226800.0,27,604,0.39,23,1,0.8513,domestic appliances
GL-00968,Personal,321120.0,15,727,0.32,54,0,0.2007,domestic appliances
GL-00969,Personal,644940.0,42,736,0.16,29,0,0.1587,domestic appliances
GL-00970,Auto,354510.0,11,735,0.08,40,0,0.1438,car (new)
GL-00971,Personal,136260.0,15,688,0.32,22,0,0.244,education
GL-00972,Auto,665370.0,24,757,0.08,43,0,0.1193,car (new)
GL-00973,Auto,107370.0,24,643,0.15,29,1,0.76,car (new)
GL-00974,Personal,656730.0,60,612,0.39,36,1,0.8424,others
GL-00975,Personal,254790.0,30,715,0.32,33,0,0.214,domestic appliances
GL-00976,Personal,113220.0,24,721,0.24,57,0,0.1913,domestic appliances
GL-00977,Personal,67770.0,6,737,0.16,64,0,0.1576,domestic appliances
GL-00978,Personal,218430.0,18,700,0.32,42,0,0.2307,others
GL-00979,Auto,228420.0,24,638,0.39,47,1,0.8136,car (new)
GL-00980,Auto,113760.0,15,629,0.23,25,1,0.7916,car (new)
GL-00981,Personal,754740.0,30,643,0.23,49,1,0.776,radio/television
GL-00982,Personal,435960.0,48,642,0.31,33,1,0.7931,others
GL-00983,Auto,263070.0,21,728,0.08,28,0,0.1516,car (new)
GL-00984,Auto,740610.0,36,630,0.23,26,1,0.7904,car (used)
GL-00985,Personal,182520.0,24,737,0.16,30,0,0.1576,radio/television
GL-00986,Personal,128970.0,15,690,0.32,25,0,0.2418,radio/television
GL-00987,Personal,566010.0,42,719,0.16,33,0,0.1776,others
GL-00988,Personal,126810.0,13,757,0.16,64,0,0.1353,domestic appliances
GL-00989,Auto,592110.0,24,692,0.32,29,0,0.2396,car (used)
GL-00990,Personal,156870.0,24,704,0.32,48,0,0.2262,domestic appliances
GL-00991,Personal,320850.0,12,741,0.16,37,0,0.1531,retraining
GL-00992,Personal,141210.0,15,715,0.32,34,0,0.214,domestic appliances
GL-00993,Personal,174240.0,18,713,0.16,23,0,0.1842,domestic appliances
GL-00994,Personal,356310.0,36,693,0.32,30,0,0.2384,radio/television
GL-00995,Auto,215100.0,12,725,0.32,50,0,0.2029,car (new)
GL-00996,Personal,156240.0,12,726,0.24,31,0,0.1858,radio/television
GL-00997,Auto,347130.0,30,699,0.32,40,0,0.2318,car (used)
GL-00998,Personal,72360.0,12,718,0.32,38,0,0.2107,domestic appliances
GL-00999,Personal,166050.0,45,604,0.39,23,1,0.8513,domestic appliances
GL-01000,Auto,411840.0,45,703,0.24,27,0,0.2113,car (used)
