week_start,category,actual_demand,forecast_demand,ape
2014-12-29,Cardio Equipment,166,166.0,0.0
2015-01-05,Cardio Equipment,254,254.0,0.0
2015-01-12,Cardio Equipment,255,255.0,0.0
2015-01-19,Cardio Equipment,274,274.0,0.0
2015-01-26,Cardio Equipment,251,166.0,0.3386454183266932
2015-02-02,Cardio Equipment,229,254.0,0.1091703056768559
2015-02-09,Cardio Equipment,241,255.0,0.058091286307053944
2015-02-16,Cardio Equipment,291,274.0,0.058419243986254296
2015-02-23,Cardio Equipment,233,251.0,0.07725321888412018
2015-03-02,Cardio Equipment,229,229.0,0.0
2015-03-09,Cardio Equipment,314,241.0,0.23248407643312102
2015-03-16,Cardio Equipment,274,291.0,0.06204379562043796
2015-03-23,Cardio Equipment,228,233.0,0.021929824561403508
2015-03-30,Cardio Equipment,216,229.0,0.06018518518518518
2015-04-06,Cardio Equipment,264,314.0,0.1893939393939394
2015-04-13,Cardio Equipment,265,274.0,0.033962264150943396
2015-04-20,Cardio Equipment,281,228.0,0.18861209964412812
2015-04-27,Cardio Equipment,275,216.0,0.21454545454545454
2015-05-04,Cardio Equipment,341,264.0,0.22580645161290322
2015-05-11,Cardio Equipment,284,265.0,0.06690140845070422
2015-05-18,Cardio Equipment,310,281.0,0.0935483870967742
2015-05-25,Cardio Equipment,309,275.0,0.11003236245954692
2015-06-01,Cardio Equipment,344,341.0,0.00872093023255814
2015-06-08,Cardio Equipment,312,284.0,0.08974358974358974
2015-06-15,Cardio Equipment,264,310.0,0.17424242424242425
2015-06-22,Cardio Equipment,257,309.0,0.20233463035019456
2015-06-29,Cardio Equipment,309,344.0,0.11326860841423948
2015-07-06,Cardio Equipment,245,312.0,0.27346938775510204
2015-07-13,Cardio Equipment,261,264.0,0.011494252873563218
2015-07-20,Cardio Equipment,216,257.0,0.18981481481481483
2015-07-27,Cardio Equipment,250,309.0,0.236
2015-08-03,Cardio Equipment,245,245.0,0.0
2015-08-10,Cardio Equipment,256,261.0,0.01953125
2015-08-17,Cardio Equipment,288,216.0,0.25
2015-08-24,Cardio Equipment,228,250.0,0.09649122807017543
2015-08-31,Cardio Equipment,284,245.0,0.13732394366197184
2015-09-07,Cardio Equipment,266,256.0,0.03759398496240601
2015-09-14,Cardio Equipment,237,288.0,0.21518987341772153
2015-09-21,Cardio Equipment,279,228.0,0.1827956989247312
2015-09-28,Cardio Equipment,283,284.0,0.0035335689045936395
2015-10-05,Cardio Equipment,261,266.0,0.019157088122605363
2015-10-12,Cardio Equipment,299,237.0,0.20735785953177258
2015-10-19,Cardio Equipment,277,279.0,0.007220216606498195
2015-10-26,Cardio Equipment,321,283.0,0.11838006230529595
2015-11-02,Cardio Equipment,253,261.0,0.03162055335968379
2015-11-09,Cardio Equipment,215,299.0,0.39069767441860465
2015-11-16,Cardio Equipment,284,277.0,0.02464788732394366
2015-11-23,Cardio Equipment,287,321.0,0.11846689895470383
2015-11-30,Cardio Equipment,239,253.0,0.058577405857740586
2015-12-07,Cardio Equipment,293,215.0,0.26621160409556316
2015-12-14,Cardio Equipment,246,284.0,0.15447154471544716
2015-12-21,Cardio Equipment,251,287.0,0.14342629482071714
2015-12-28,Cardio Equipment,278,239.0,0.14028776978417265
2016-01-04,Cardio Equipment,271,293.0,0.08118081180811808
2016-01-11,Cardio Equipment,285,246.0,0.1368421052631579
2016-01-18,Cardio Equipment,249,251.0,0.008032128514056224
2016-01-25,Cardio Equipment,267,278.0,0.04119850187265917
2016-02-01,Cardio Equipment,248,271.0,0.09274193548387097
2016-02-08,Cardio Equipment,202,285.0,0.41089108910891087
2016-02-15,Cardio Equipment,261,249.0,0.04597701149425287
2016-02-22,Cardio Equipment,253,267.0,0.05533596837944664
2016-02-29,Cardio Equipment,287,248.0,0.13588850174216027
2016-03-07,Cardio Equipment,205,202.0,0.014634146341463415
2016-03-14,Cardio Equipment,295,261.0,0.1152542372881356
2016-03-21,Cardio Equipment,232,253.0,0.09051724137931035
2016-03-28,Cardio Equipment,272,287.0,0.05514705882352941
2016-04-04,Cardio Equipment,293,205.0,0.3003412969283277
2016-04-11,Cardio Equipment,223,295.0,0.32286995515695066
2016-04-18,Cardio Equipment,281,232.0,0.17437722419928825
2016-04-25,Cardio Equipment,223,272.0,0.21973094170403587
2016-05-02,Cardio Equipment,211,293.0,0.3886255924170616
2016-05-09,Cardio Equipment,222,223.0,0.0045045045045045045
2016-05-16,Cardio Equipment,242,281.0,0.16115702479338842
2016-05-23,Cardio Equipment,227,223.0,0.01762114537444934
2016-05-30,Cardio Equipment,212,211.0,0.0047169811320754715
2016-06-06,Cardio Equipment,246,222.0,0.0975609756097561
2016-06-13,Cardio Equipment,274,242.0,0.11678832116788321
2016-06-20,Cardio Equipment,245,227.0,0.07346938775510205
2016-06-27,Cardio Equipment,278,212.0,0.23741007194244604
2016-07-04,Cardio Equipment,286,246.0,0.13986013986013987
2016-07-11,Cardio Equipment,243,274.0,0.12757201646090535
2016-07-18,Cardio Equipment,247,245.0,0.008097165991902834
2016-07-25,Cardio Equipment,248,278.0,0.12096774193548387
2016-08-01,Cardio Equipment,285,286.0,0.0035087719298245615
2016-08-08,Cardio Equipment,256,243.0,0.05078125
2016-08-15,Cardio Equipment,241,247.0,0.024896265560165973
2016-08-22,Cardio Equipment,235,248.0,0.05531914893617021
2016-08-29,Cardio Equipment,289,285.0,0.01384083044982699
2016-09-05,Cardio Equipment,244,256.0,0.04918032786885246
2016-09-12,Cardio Equipment,263,241.0,0.08365019011406843
2016-09-19,Cardio Equipment,242,235.0,0.028925619834710745
2016-09-26,Cardio Equipment,279,289.0,0.035842293906810034
2016-10-03,Cardio Equipment,209,244.0,0.1674641148325359
2016-10-10,Cardio Equipment,231,263.0,0.13852813852813853
2016-10-17,Cardio Equipment,229,242.0,0.056768558951965066
2016-10-24,Cardio Equipment,268,279.0,0.041044776119402986
2016-10-31,Cardio Equipment,240,209.0,0.12916666666666668
2016-11-07,Cardio Equipment,280,231.0,0.175
2016-11-14,Cardio Equipment,299,229.0,0.23411371237458195
2016-11-21,Cardio Equipment,302,268.0,0.11258278145695365
2016-11-28,Cardio Equipment,274,240.0,0.12408759124087591
2016-12-05,Cardio Equipment,269,280.0,0.040892193308550186
2016-12-12,Cardio Equipment,284,299.0,0.0528169014084507
2016-12-19,Cardio Equipment,290,302.0,0.041379310344827586
2016-12-26,Cardio Equipment,229,274.0,0.1965065502183406
2017-01-02,Cardio Equipment,311,269.0,0.13504823151125403
2017-01-09,Cardio Equipment,253,284.0,0.1225296442687747
2017-01-16,Cardio Equipment,305,290.0,0.04918032786885246
2017-01-23,Cardio Equipment,278,229.0,0.17625899280575538
2017-01-30,Cardio Equipment,323,311.0,0.03715170278637771
2017-02-06,Cardio Equipment,277,253.0,0.08664259927797834
2017-02-13,Cardio Equipment,278,305.0,0.09712230215827339
2017-02-20,Cardio Equipment,345,278.0,0.19420289855072465
2017-02-27,Cardio Equipment,249,323.0,0.2971887550200803
2017-03-06,Cardio Equipment,227,277.0,0.22026431718061673
2017-03-13,Cardio Equipment,275,278.0,0.01090909090909091
2017-03-20,Cardio Equipment,266,345.0,0.29699248120300753
2017-03-27,Cardio Equipment,261,249.0,0.04597701149425287
2017-04-03,Cardio Equipment,226,227.0,0.004424778761061947
2017-04-10,Cardio Equipment,269,275.0,0.022304832713754646
2017-04-17,Cardio Equipment,292,266.0,0.08904109589041095
2017-04-24,Cardio Equipment,229,261.0,0.13973799126637554
2017-05-01,Cardio Equipment,247,226.0,0.08502024291497975
2017-05-08,Cardio Equipment,252,269.0,0.06746031746031746
2017-05-15,Cardio Equipment,243,292.0,0.20164609053497942
2017-05-22,Cardio Equipment,240,229.0,0.04583333333333333
2017-05-29,Cardio Equipment,246,247.0,0.0040650406504065045
2017-06-05,Cardio Equipment,207,252.0,0.21739130434782608
2017-06-12,Cardio Equipment,206,243.0,0.1796116504854369
2017-06-19,Cardio Equipment,279,240.0,0.13978494623655913
2017-06-26,Cardio Equipment,243,246.0,0.012345679012345678
2017-07-03,Cardio Equipment,238,207.0,0.13025210084033614
2017-07-10,Cardio Equipment,232,206.0,0.11206896551724138
2017-07-17,Cardio Equipment,291,279.0,0.041237113402061855
2017-07-24,Cardio Equipment,279,243.0,0.12903225806451613
2017-07-31,Cardio Equipment,233,238.0,0.02145922746781116
2017-08-07,Cardio Equipment,250,232.0,0.072
2017-08-14,Cardio Equipment,251,291.0,0.1593625498007968
2017-08-21,Cardio Equipment,247,279.0,0.12955465587044535
2017-08-28,Cardio Equipment,272,233.0,0.14338235294117646
2017-09-04,Cardio Equipment,289,250.0,0.13494809688581316
2017-09-11,Cardio Equipment,223,251.0,0.12556053811659193
2017-09-18,Cardio Equipment,281,247.0,0.12099644128113879
2017-09-25,Cardio Equipment,278,272.0,0.02158273381294964
2017-10-02,Cardio Equipment,18,289.0,5.0
2014-12-29,Cleats,306,306.0,0.0
2015-01-05,Cleats,529,529.0,0.0
2015-01-12,Cleats,560,560.0,0.0
2015-01-19,Cleats,547,547.0,0.0
2015-01-26,Cleats,522,306.0,0.41379310344827586
2015-02-02,Cleats,468,529.0,0.13034188034188035
2015-02-09,Cleats,509,560.0,0.10019646365422397
2015-02-16,Cleats,510,547.0,0.07254901960784314
2015-02-23,Cleats,544,522.0,0.04044117647058824
2015-03-02,Cleats,580,468.0,0.19310344827586207
2015-03-09,Cleats,537,509.0,0.0521415270018622
2015-03-16,Cleats,470,510.0,0.0851063829787234
2015-03-23,Cleats,461,544.0,0.18004338394793926
2015-03-30,Cleats,566,580.0,0.024734982332155476
2015-04-06,Cleats,464,537.0,0.15732758620689655
2015-04-13,Cleats,581,470.0,0.19104991394148021
2015-04-20,Cleats,489,461.0,0.05725971370143149
2015-04-27,Cleats,515,566.0,0.09902912621359224
2015-05-04,Cleats,466,464.0,0.004291845493562232
2015-05-11,Cleats,546,581.0,0.0641025641025641
2015-05-18,Cleats,489,489.0,0.0
2015-05-25,Cleats,498,515.0,0.03413654618473896
2015-06-01,Cleats,497,466.0,0.06237424547283702
2015-06-08,Cleats,419,546.0,0.3031026252983294
2015-06-15,Cleats,579,489.0,0.15544041450777202
2015-06-22,Cleats,529,498.0,0.05860113421550094
2015-06-29,Cleats,526,497.0,0.055133079847908745
2015-07-06,Cleats,469,419.0,0.10660980810234541
2015-07-13,Cleats,567,579.0,0.021164021164021163
2015-07-20,Cleats,463,529.0,0.14254859611231102
2015-07-27,Cleats,503,526.0,0.04572564612326044
2015-08-03,Cleats,535,469.0,0.1233644859813084
2015-08-10,Cleats,575,567.0,0.01391304347826087
2015-08-17,Cleats,484,463.0,0.04338842975206612
2015-08-24,Cleats,587,503.0,0.14310051107325383
2015-08-31,Cleats,511,535.0,0.046966731898238745
2015-09-07,Cleats,571,575.0,0.0070052539404553416
2015-09-14,Cleats,428,484.0,0.1308411214953271
2015-09-21,Cleats,571,587.0,0.028021015761821366
2015-09-28,Cleats,486,511.0,0.051440329218107
2015-10-05,Cleats,545,571.0,0.047706422018348627
2015-10-12,Cleats,431,428.0,0.0069605568445475635
2015-10-19,Cleats,485,571.0,0.177319587628866
2015-10-26,Cleats,481,486.0,0.010395010395010396
2015-11-02,Cleats,523,545.0,0.04206500956022945
2015-11-09,Cleats,513,431.0,0.15984405458089668
2015-11-16,Cleats,506,485.0,0.041501976284584984
2015-11-23,Cleats,525,481.0,0.0838095238095238
2015-11-30,Cleats,493,523.0,0.060851926977687626
2015-12-07,Cleats,512,513.0,0.001953125
2015-12-14,Cleats,464,506.0,0.09051724137931035
2015-12-21,Cleats,562,525.0,0.06583629893238434
2015-12-28,Cleats,451,493.0,0.09312638580931264
2016-01-04,Cleats,482,512.0,0.06224066390041494
2016-01-11,Cleats,446,464.0,0.04035874439461883
2016-01-18,Cleats,589,562.0,0.04584040747028863
2016-01-25,Cleats,478,451.0,0.056485355648535567
2016-02-01,Cleats,517,482.0,0.06769825918762089
2016-02-08,Cleats,451,446.0,0.011086474501108648
2016-02-15,Cleats,530,589.0,0.11132075471698114
2016-02-22,Cleats,472,478.0,0.012711864406779662
2016-02-29,Cleats,565,517.0,0.08495575221238938
2016-03-07,Cleats,523,451.0,0.13766730401529637
2016-03-14,Cleats,514,530.0,0.0311284046692607
2016-03-21,Cleats,527,472.0,0.10436432637571158
2016-03-28,Cleats,536,565.0,0.054104477611940295
2016-04-04,Cleats,542,523.0,0.03505535055350553
2016-04-11,Cleats,530,514.0,0.03018867924528302
2016-04-18,Cleats,560,527.0,0.05892857142857143
2016-04-25,Cleats,493,536.0,0.0872210953346856
2016-05-02,Cleats,549,542.0,0.012750455373406194
2016-05-09,Cleats,543,530.0,0.02394106813996317
2016-05-16,Cleats,529,560.0,0.05860113421550094
2016-05-23,Cleats,543,493.0,0.09208103130755065
2016-05-30,Cleats,529,549.0,0.03780718336483932
2016-06-06,Cleats,523,543.0,0.03824091778202677
2016-06-13,Cleats,489,529.0,0.081799591002045
2016-06-20,Cleats,530,543.0,0.024528301886792454
2016-06-27,Cleats,482,529.0,0.0975103734439834
2016-07-04,Cleats,524,523.0,0.0019083969465648854
2016-07-11,Cleats,557,489.0,0.12208258527827648
2016-07-18,Cleats,490,530.0,0.08163265306122448
2016-07-25,Cleats,466,482.0,0.034334763948497854
2016-08-01,Cleats,494,524.0,0.06072874493927125
2016-08-08,Cleats,542,557.0,0.027675276752767528
2016-08-15,Cleats,517,490.0,0.05222437137330754
2016-08-22,Cleats,542,466.0,0.14022140221402213
2016-08-29,Cleats,500,494.0,0.012
2016-09-05,Cleats,558,542.0,0.02867383512544803
2016-09-12,Cleats,502,517.0,0.029880478087649404
2016-09-19,Cleats,528,542.0,0.026515151515151516
2016-09-26,Cleats,515,500.0,0.02912621359223301
2016-10-03,Cleats,448,558.0,0.24553571428571427
2016-10-10,Cleats,525,502.0,0.04380952380952381
2016-10-17,Cleats,489,528.0,0.07975460122699386
2016-10-24,Cleats,586,515.0,0.12116040955631399
2016-10-31,Cleats,515,448.0,0.13009708737864079
2016-11-07,Cleats,502,525.0,0.045816733067729085
2016-11-14,Cleats,529,489.0,0.07561436672967864
2016-11-21,Cleats,503,586.0,0.16500994035785288
2016-11-28,Cleats,582,515.0,0.11512027491408934
2016-12-05,Cleats,570,502.0,0.11929824561403508
2016-12-12,Cleats,562,529.0,0.05871886120996441
2016-12-19,Cleats,502,503.0,0.00199203187250996
2016-12-26,Cleats,480,582.0,0.2125
2017-01-02,Cleats,495,570.0,0.15151515151515152
2017-01-09,Cleats,506,562.0,0.11067193675889328
2017-01-16,Cleats,585,502.0,0.14188034188034188
2017-01-23,Cleats,489,480.0,0.018404907975460124
2017-01-30,Cleats,502,495.0,0.013944223107569721
2017-02-06,Cleats,487,506.0,0.039014373716632446
2017-02-13,Cleats,558,585.0,0.04838709677419355
2017-02-20,Cleats,587,489.0,0.16695059625212946
2017-02-27,Cleats,510,502.0,0.01568627450980392
2017-03-06,Cleats,527,487.0,0.07590132827324478
2017-03-13,Cleats,579,558.0,0.03626943005181347
2017-03-20,Cleats,442,587.0,0.32805429864253394
2017-03-27,Cleats,447,510.0,0.14093959731543623
2017-04-03,Cleats,514,527.0,0.02529182879377432
2017-04-10,Cleats,469,579.0,0.2345415778251599
2017-04-17,Cleats,565,442.0,0.2176991150442478
2017-04-24,Cleats,526,447.0,0.15019011406844107
2017-05-01,Cleats,500,514.0,0.028
2017-05-08,Cleats,441,469.0,0.06349206349206349
2017-05-15,Cleats,514,565.0,0.09922178988326848
2017-05-22,Cleats,537,526.0,0.020484171322160148
2017-05-29,Cleats,490,500.0,0.02040816326530612
2017-06-05,Cleats,448,441.0,0.015625
2017-06-12,Cleats,393,514.0,0.30788804071246817
2017-06-19,Cleats,505,537.0,0.06336633663366337
2017-06-26,Cleats,493,490.0,0.006085192697768763
2017-07-03,Cleats,551,448.0,0.1869328493647913
2017-07-10,Cleats,524,393.0,0.25
2017-07-17,Cleats,506,505.0,0.001976284584980237
2017-07-24,Cleats,508,493.0,0.02952755905511811
2017-07-31,Cleats,474,551.0,0.16244725738396623
2017-08-07,Cleats,516,524.0,0.015503875968992248
2017-08-14,Cleats,485,506.0,0.04329896907216495
2017-08-21,Cleats,547,508.0,0.0712979890310786
2017-08-28,Cleats,590,474.0,0.19661016949152543
2017-09-04,Cleats,491,516.0,0.05091649694501019
2017-09-11,Cleats,509,485.0,0.047151277013752456
2017-09-18,Cleats,457,547.0,0.19693654266958424
2017-09-25,Cleats,485,590.0,0.21649484536082475
2017-10-02,Cleats,34,491.0,5.0
2014-12-29,Fishing,66,66.0,0.0
2015-01-05,Fishing,128,128.0,0.0
2015-01-12,Fishing,111,111.0,0.0
2015-01-19,Fishing,140,140.0,0.0
2015-01-26,Fishing,114,66.0,0.42105263157894735
2015-02-02,Fishing,96,128.0,0.3333333333333333
2015-02-09,Fishing,121,111.0,0.08264462809917356
2015-02-16,Fishing,109,140.0,0.28440366972477066
2015-02-23,Fishing,120,114.0,0.05
2015-03-02,Fishing,134,96.0,0.2835820895522388
2015-03-09,Fishing,107,121.0,0.1308411214953271
2015-03-16,Fishing,120,109.0,0.09166666666666666
2015-03-23,Fishing,112,120.0,0.07142857142857142
2015-03-30,Fishing,120,134.0,0.11666666666666667
2015-04-06,Fishing,123,107.0,0.13008130081300814
2015-04-13,Fishing,114,120.0,0.05263157894736842
2015-04-20,Fishing,119,112.0,0.058823529411764705
2015-04-27,Fishing,130,120.0,0.07692307692307693
2015-05-04,Fishing,105,123.0,0.17142857142857143
2015-05-11,Fishing,114,114.0,0.0
2015-05-18,Fishing,117,119.0,0.017094017094017096
2015-05-25,Fishing,128,130.0,0.015625
2015-06-01,Fishing,113,105.0,0.07079646017699115
2015-06-08,Fishing,137,114.0,0.1678832116788321
2015-06-15,Fishing,114,117.0,0.02631578947368421
2015-06-22,Fishing,129,128.0,0.007751937984496124
2015-06-29,Fishing,137,113.0,0.17518248175182483
2015-07-06,Fishing,131,137.0,0.04580152671755725
2015-07-13,Fishing,113,114.0,0.008849557522123894
2015-07-20,Fishing,102,129.0,0.2647058823529412
2015-07-27,Fishing,114,137.0,0.20175438596491227
2015-08-03,Fishing,106,131.0,0.2358490566037736
2015-08-10,Fishing,114,113.0,0.008771929824561403
2015-08-17,Fishing,133,102.0,0.23308270676691728
2015-08-24,Fishing,105,114.0,0.08571428571428572
2015-08-31,Fishing,151,106.0,0.2980132450331126
2015-09-07,Fishing,113,114.0,0.008849557522123894
2015-09-14,Fishing,99,133.0,0.3434343434343434
2015-09-21,Fishing,106,105.0,0.009433962264150943
2015-09-28,Fishing,118,151.0,0.2796610169491525
2015-10-05,Fishing,112,113.0,0.008928571428571428
2015-10-12,Fishing,126,99.0,0.21428571428571427
2015-10-19,Fishing,99,106.0,0.0707070707070707
2015-10-26,Fishing,137,118.0,0.1386861313868613
2015-11-02,Fishing,140,112.0,0.2
2015-11-09,Fishing,121,126.0,0.04132231404958678
2015-11-16,Fishing,124,99.0,0.20161290322580644
2015-11-23,Fishing,115,137.0,0.19130434782608696
2015-11-30,Fishing,135,140.0,0.037037037037037035
2015-12-07,Fishing,118,121.0,0.025423728813559324
2015-12-14,Fishing,130,124.0,0.046153846153846156
2015-12-21,Fishing,141,115.0,0.18439716312056736
2015-12-28,Fishing,110,135.0,0.22727272727272727
2016-01-04,Fishing,124,118.0,0.04838709677419355
2016-01-11,Fishing,134,130.0,0.029850746268656716
2016-01-18,Fishing,126,141.0,0.11904761904761904
2016-01-25,Fishing,119,110.0,0.07563025210084033
2016-02-01,Fishing,119,124.0,0.04201680672268908
2016-02-08,Fishing,114,134.0,0.17543859649122806
2016-02-15,Fishing,139,126.0,0.09352517985611511
2016-02-22,Fishing,137,119.0,0.13138686131386862
2016-02-29,Fishing,109,119.0,0.09174311926605505
2016-03-07,Fishing,124,114.0,0.08064516129032258
2016-03-14,Fishing,128,139.0,0.0859375
2016-03-21,Fishing,121,137.0,0.1322314049586777
2016-03-28,Fishing,113,109.0,0.035398230088495575
2016-04-04,Fishing,142,124.0,0.1267605633802817
2016-04-11,Fishing,130,128.0,0.015384615384615385
2016-04-18,Fishing,121,121.0,0.0
2016-04-25,Fishing,96,113.0,0.17708333333333334
2016-05-02,Fishing,105,142.0,0.3523809523809524
2016-05-09,Fishing,126,130.0,0.031746031746031744
2016-05-16,Fishing,129,121.0,0.06201550387596899
2016-05-23,Fishing,89,96.0,0.07865168539325842
2016-05-30,Fishing,110,105.0,0.045454545454545456
2016-06-06,Fishing,133,126.0,0.05263157894736842
2016-06-13,Fishing,143,129.0,0.0979020979020979
2016-06-20,Fishing,129,89.0,0.31007751937984496
2016-06-27,Fishing,118,110.0,0.06779661016949153
2016-07-04,Fishing,118,133.0,0.1271186440677966
2016-07-11,Fishing,115,143.0,0.24347826086956523
2016-07-18,Fishing,126,129.0,0.023809523809523808
2016-07-25,Fishing,110,118.0,0.07272727272727272
2016-08-01,Fishing,122,118.0,0.03278688524590164
2016-08-08,Fishing,103,115.0,0.11650485436893204
2016-08-15,Fishing,126,126.0,0.0
2016-08-22,Fishing,130,110.0,0.15384615384615385
2016-08-29,Fishing,116,122.0,0.05172413793103448
2016-09-05,Fishing,108,103.0,0.046296296296296294
2016-09-12,Fishing,135,126.0,0.06666666666666667
2016-09-19,Fishing,112,130.0,0.16071428571428573
2016-09-26,Fishing,109,116.0,0.06422018348623854
2016-10-03,Fishing,115,108.0,0.06086956521739131
2016-10-10,Fishing,119,135.0,0.13445378151260504
2016-10-17,Fishing,125,112.0,0.104
2016-10-24,Fishing,110,109.0,0.00909090909090909
2016-10-31,Fishing,139,115.0,0.17266187050359713
2016-11-07,Fishing,124,119.0,0.04032258064516129
2016-11-14,Fishing,127,125.0,0.015748031496062992
2016-11-21,Fishing,135,110.0,0.18518518518518517
2016-11-28,Fishing,129,139.0,0.07751937984496124
2016-12-05,Fishing,107,124.0,0.1588785046728972
2016-12-12,Fishing,103,127.0,0.23300970873786409
2016-12-19,Fishing,113,135.0,0.19469026548672566
2016-12-26,Fishing,142,129.0,0.09154929577464789
2017-01-02,Fishing,112,107.0,0.044642857142857144
2017-01-09,Fishing,116,103.0,0.11206896551724138
2017-01-16,Fishing,118,113.0,0.0423728813559322
2017-01-23,Fishing,109,142.0,0.30275229357798167
2017-01-30,Fishing,137,112.0,0.18248175182481752
2017-02-06,Fishing,133,116.0,0.12781954887218044
2017-02-13,Fishing,118,118.0,0.0
2017-02-20,Fishing,102,109.0,0.06862745098039216
2017-02-27,Fishing,112,137.0,0.22321428571428573
2017-03-06,Fishing,120,133.0,0.10833333333333334
2017-03-13,Fishing,115,118.0,0.02608695652173913
2017-03-20,Fishing,105,102.0,0.02857142857142857
2017-03-27,Fishing,124,112.0,0.0967741935483871
2017-04-03,Fishing,126,120.0,0.047619047619047616
2017-04-10,Fishing,115,115.0,0.0
2017-04-17,Fishing,126,105.0,0.16666666666666666
2017-04-24,Fishing,116,124.0,0.06896551724137931
2017-05-01,Fishing,128,126.0,0.015625
2017-05-08,Fishing,115,115.0,0.0
2017-05-15,Fishing,114,126.0,0.10526315789473684
2017-05-22,Fishing,128,116.0,0.09375
2017-05-29,Fishing,111,128.0,0.15315315315315314
2017-06-05,Fishing,112,115.0,0.026785714285714284
2017-06-12,Fishing,126,114.0,0.09523809523809523
2017-06-19,Fishing,137,128.0,0.06569343065693431
2017-06-26,Fishing,130,111.0,0.14615384615384616
2017-07-03,Fishing,124,112.0,0.0967741935483871
2017-07-10,Fishing,108,126.0,0.16666666666666666
2017-07-17,Fishing,119,137.0,0.15126050420168066
2017-07-24,Fishing,129,130.0,0.007751937984496124
2017-07-31,Fishing,111,124.0,0.11711711711711711
2017-08-07,Fishing,130,108.0,0.16923076923076924
2017-08-14,Fishing,128,119.0,0.0703125
2017-08-21,Fishing,142,129.0,0.09154929577464789
2017-08-28,Fishing,104,111.0,0.0673076923076923
2017-09-04,Fishing,114,130.0,0.14035087719298245
2017-09-11,Fishing,143,128.0,0.1048951048951049
2017-09-18,Fishing,140,142.0,0.014285714285714285
2017-09-25,Fishing,138,104.0,0.2463768115942029
2017-10-02,Fishing,3,114.0,5.0
2014-12-29,Indoor/Outdoor Games,222,222.0,0.0
2015-01-05,Indoor/Outdoor Games,391,391.0,0.0
2015-01-12,Indoor/Outdoor Games,451,451.0,0.0
2015-01-19,Indoor/Outdoor Games,464,464.0,0.0
2015-01-26,Indoor/Outdoor Games,388,222.0,0.42783505154639173
2015-02-02,Indoor/Outdoor Games,428,391.0,0.08644859813084112
2015-02-09,Indoor/Outdoor Games,385,451.0,0.17142857142857143
2015-02-16,Indoor/Outdoor Games,416,464.0,0.11538461538461539
2015-02-23,Indoor/Outdoor Games,408,388.0,0.049019607843137254
2015-03-02,Indoor/Outdoor Games,417,428.0,0.026378896882494004
2015-03-09,Indoor/Outdoor Games,398,385.0,0.032663316582914576
2015-03-16,Indoor/Outdoor Games,442,416.0,0.058823529411764705
2015-03-23,Indoor/Outdoor Games,451,408.0,0.09534368070953436
2015-03-30,Indoor/Outdoor Games,452,417.0,0.07743362831858407
2015-04-06,Indoor/Outdoor Games,379,398.0,0.05013192612137203
2015-04-13,Indoor/Outdoor Games,433,442.0,0.020785219399538105
2015-04-20,Indoor/Outdoor Games,422,451.0,0.06872037914691943
2015-04-27,Indoor/Outdoor Games,359,452.0,0.2590529247910863
2015-05-04,Indoor/Outdoor Games,408,379.0,0.07107843137254902
2015-05-11,Indoor/Outdoor Games,410,433.0,0.05609756097560976
2015-05-18,Indoor/Outdoor Games,379,422.0,0.11345646437994723
2015-05-25,Indoor/Outdoor Games,380,359.0,0.05526315789473684
2015-06-01,Indoor/Outdoor Games,409,408.0,0.0024449877750611247
2015-06-08,Indoor/Outdoor Games,357,410.0,0.1484593837535014
2015-06-15,Indoor/Outdoor Games,452,379.0,0.16150442477876106
2015-06-22,Indoor/Outdoor Games,326,380.0,0.1656441717791411
2015-06-29,Indoor/Outdoor Games,488,409.0,0.16188524590163936
2015-07-06,Indoor/Outdoor Games,410,357.0,0.12926829268292683
2015-07-13,Indoor/Outdoor Games,391,452.0,0.15601023017902813
2015-07-20,Indoor/Outdoor Games,422,326.0,0.22748815165876776
2015-07-27,Indoor/Outdoor Games,386,488.0,0.26424870466321243
2015-08-03,Indoor/Outdoor Games,404,410.0,0.01485148514851485
2015-08-10,Indoor/Outdoor Games,322,391.0,0.21428571428571427
2015-08-17,Indoor/Outdoor Games,306,422.0,0.3790849673202614
2015-08-24,Indoor/Outdoor Games,373,386.0,0.03485254691689008
2015-08-31,Indoor/Outdoor Games,409,404.0,0.012224938875305624
2015-09-07,Indoor/Outdoor Games,396,322.0,0.18686868686868688
2015-09-14,Indoor/Outdoor Games,524,306.0,0.41603053435114506
2015-09-21,Indoor/Outdoor Games,370,373.0,0.008108108108108109
2015-09-28,Indoor/Outdoor Games,424,409.0,0.03537735849056604
2015-10-05,Indoor/Outdoor Games,396,396.0,0.0
2015-10-12,Indoor/Outdoor Games,361,524.0,0.4515235457063712
2015-10-19,Indoor/Outdoor Games,447,370.0,0.17225950782997762
2015-10-26,Indoor/Outdoor Games,403,424.0,0.052109181141439205
2015-11-02,Indoor/Outdoor Games,410,396.0,0.03414634146341464
2015-11-09,Indoor/Outdoor Games,445,361.0,0.18876404494382024
2015-11-16,Indoor/Outdoor Games,410,447.0,0.09024390243902439
2015-11-23,Indoor/Outdoor Games,415,403.0,0.02891566265060241
2015-11-30,Indoor/Outdoor Games,342,410.0,0.19883040935672514
2015-12-07,Indoor/Outdoor Games,380,445.0,0.17105263157894737
2015-12-14,Indoor/Outdoor Games,462,410.0,0.11255411255411256
2015-12-21,Indoor/Outdoor Games,449,415.0,0.0757238307349666
2015-12-28,Indoor/Outdoor Games,426,342.0,0.19718309859154928
2016-01-04,Indoor/Outdoor Games,382,380.0,0.005235602094240838
2016-01-11,Indoor/Outdoor Games,425,462.0,0.08705882352941176
2016-01-18,Indoor/Outdoor Games,393,449.0,0.14249363867684478
2016-01-25,Indoor/Outdoor Games,458,426.0,0.06986899563318777
2016-02-01,Indoor/Outdoor Games,439,382.0,0.12984054669703873
2016-02-08,Indoor/Outdoor Games,466,425.0,0.08798283261802575
2016-02-15,Indoor/Outdoor Games,430,393.0,0.08604651162790698
2016-02-22,Indoor/Outdoor Games,398,458.0,0.1507537688442211
2016-02-29,Indoor/Outdoor Games,394,439.0,0.11421319796954314
2016-03-07,Indoor/Outdoor Games,392,466.0,0.18877551020408162
2016-03-14,Indoor/Outdoor Games,351,430.0,0.22507122507122507
2016-03-21,Indoor/Outdoor Games,366,398.0,0.08743169398907104
2016-03-28,Indoor/Outdoor Games,363,394.0,0.08539944903581267
2016-04-04,Indoor/Outdoor Games,347,392.0,0.12968299711815562
2016-04-11,Indoor/Outdoor Games,417,351.0,0.15827338129496402
2016-04-18,Indoor/Outdoor Games,446,366.0,0.17937219730941703
2016-04-25,Indoor/Outdoor Games,365,363.0,0.005479452054794521
2016-05-02,Indoor/Outdoor Games,385,347.0,0.0987012987012987
2016-05-09,Indoor/Outdoor Games,407,417.0,0.02457002457002457
2016-05-16,Indoor/Outdoor Games,391,446.0,0.14066496163682865
2016-05-23,Indoor/Outdoor Games,419,365.0,0.1288782816229117
2016-05-30,Indoor/Outdoor Games,410,385.0,0.06097560975609756
2016-06-06,Indoor/Outdoor Games,342,407.0,0.19005847953216373
2016-06-13,Indoor/Outdoor Games,342,391.0,0.14327485380116958
2016-06-20,Indoor/Outdoor Games,354,419.0,0.18361581920903955
2016-06-27,Indoor/Outdoor Games,429,410.0,0.04428904428904429
2016-07-04,Indoor/Outdoor Games,378,342.0,0.09523809523809523
2016-07-11,Indoor/Outdoor Games,439,342.0,0.22095671981776766
2016-07-18,Indoor/Outdoor Games,402,354.0,0.11940298507462686
2016-07-25,Indoor/Outdoor Games,385,429.0,0.11428571428571428
2016-08-01,Indoor/Outdoor Games,414,378.0,0.08695652173913043
2016-08-08,Indoor/Outdoor Games,310,439.0,0.4161290322580645
2016-08-15,Indoor/Outdoor Games,411,402.0,0.021897810218978103
2016-08-22,Indoor/Outdoor Games,328,385.0,0.17378048780487804
2016-08-29,Indoor/Outdoor Games,366,414.0,0.13114754098360656
2016-09-05,Indoor/Outdoor Games,349,310.0,0.11174785100286533
2016-09-12,Indoor/Outdoor Games,489,411.0,0.15950920245398773
2016-09-19,Indoor/Outdoor Games,368,328.0,0.10869565217391304
2016-09-26,Indoor/Outdoor Games,438,366.0,0.1643835616438356
2016-10-03,Indoor/Outdoor Games,426,349.0,0.1807511737089202
2016-10-10,Indoor/Outdoor Games,518,489.0,0.055984555984555984
2016-10-17,Indoor/Outdoor Games,443,368.0,0.16930022573363432
2016-10-24,Indoor/Outdoor Games,431,438.0,0.016241299303944315
2016-10-31,Indoor/Outdoor Games,405,426.0,0.05185185185185185
2016-11-07,Indoor/Outdoor Games,395,518.0,0.31139240506329113
2016-11-14,Indoor/Outdoor Games,429,443.0,0.03263403263403263
2016-11-21,Indoor/Outdoor Games,431,431.0,0.0
2016-11-28,Indoor/Outdoor Games,357,405.0,0.13445378151260504
2016-12-05,Indoor/Outdoor Games,443,395.0,0.10835214446952596
2016-12-12,Indoor/Outdoor Games,411,429.0,0.043795620437956206
2016-12-19,Indoor/Outdoor Games,417,431.0,0.03357314148681055
2016-12-26,Indoor/Outdoor Games,423,357.0,0.15602836879432624
2017-01-02,Indoor/Outdoor Games,372,443.0,0.19086021505376344
2017-01-09,Indoor/Outdoor Games,393,411.0,0.04580152671755725
2017-01-16,Indoor/Outdoor Games,388,417.0,0.07474226804123711
2017-01-23,Indoor/Outdoor Games,452,423.0,0.06415929203539823
2017-01-30,Indoor/Outdoor Games,449,372.0,0.1714922048997773
2017-02-06,Indoor/Outdoor Games,439,393.0,0.10478359908883828
2017-02-13,Indoor/Outdoor Games,431,388.0,0.09976798143851508
2017-02-20,Indoor/Outdoor Games,470,452.0,0.03829787234042553
2017-02-27,Indoor/Outdoor Games,300,449.0,0.49666666666666665
2017-03-06,Indoor/Outdoor Games,435,439.0,0.009195402298850575
2017-03-13,Indoor/Outdoor Games,413,431.0,0.043583535108958835
2017-03-20,Indoor/Outdoor Games,358,470.0,0.3128491620111732
2017-03-27,Indoor/Outdoor Games,432,300.0,0.3055555555555556
2017-04-03,Indoor/Outdoor Games,422,435.0,0.030805687203791468
2017-04-10,Indoor/Outdoor Games,435,413.0,0.05057471264367816
2017-04-17,Indoor/Outdoor Games,394,358.0,0.09137055837563451
2017-04-24,Indoor/Outdoor Games,466,432.0,0.07296137339055794
2017-05-01,Indoor/Outdoor Games,434,422.0,0.027649769585253458
2017-05-08,Indoor/Outdoor Games,373,435.0,0.16621983914209115
2017-05-15,Indoor/Outdoor Games,366,394.0,0.07650273224043716
2017-05-22,Indoor/Outdoor Games,413,466.0,0.12832929782082325
2017-05-29,Indoor/Outdoor Games,436,434.0,0.0045871559633027525
2017-06-05,Indoor/Outdoor Games,365,373.0,0.021917808219178082
2017-06-12,Indoor/Outdoor Games,356,366.0,0.028089887640449437
2017-06-19,Indoor/Outdoor Games,341,413.0,0.21114369501466276
2017-06-26,Indoor/Outdoor Games,378,436.0,0.15343915343915343
2017-07-03,Indoor/Outdoor Games,400,365.0,0.0875
2017-07-10,Indoor/Outdoor Games,409,356.0,0.1295843520782396
2017-07-17,Indoor/Outdoor Games,381,341.0,0.10498687664041995
2017-07-24,Indoor/Outdoor Games,364,378.0,0.038461538461538464
2017-07-31,Indoor/Outdoor Games,383,400.0,0.044386422976501305
2017-08-07,Indoor/Outdoor Games,378,409.0,0.082010582010582
2017-08-14,Indoor/Outdoor Games,356,381.0,0.0702247191011236
2017-08-21,Indoor/Outdoor Games,393,364.0,0.0737913486005089
2017-08-28,Indoor/Outdoor Games,448,383.0,0.14508928571428573
2017-09-04,Indoor/Outdoor Games,301,378.0,0.2558139534883721
2017-09-11,Indoor/Outdoor Games,362,356.0,0.016574585635359115
2017-09-18,Indoor/Outdoor Games,407,393.0,0.0343980343980344
2017-09-25,Indoor/Outdoor Games,372,448.0,0.20430107526881722
2017-10-02,Indoor/Outdoor Games,23,301.0,5.0
2014-12-29,Men's Footwear,77,77.0,0.0
2015-01-05,Men's Footwear,147,147.0,0.0
2015-01-12,Men's Footwear,140,140.0,0.0
2015-01-19,Men's Footwear,128,128.0,0.0
2015-01-26,Men's Footwear,148,77.0,0.4797297297297297
2015-02-02,Men's Footwear,189,147.0,0.2222222222222222
2015-02-09,Men's Footwear,145,140.0,0.034482758620689655
2015-02-16,Men's Footwear,143,128.0,0.1048951048951049
2015-02-23,Men's Footwear,170,148.0,0.12941176470588237
2015-03-02,Men's Footwear,131,189.0,0.44274809160305345
2015-03-09,Men's Footwear,150,145.0,0.03333333333333333
2015-03-16,Men's Footwear,121,143.0,0.18181818181818182
2015-03-23,Men's Footwear,136,170.0,0.25
2015-03-30,Men's Footwear,188,131.0,0.30319148936170215
2015-04-06,Men's Footwear,159,150.0,0.05660377358490566
2015-04-13,Men's Footwear,151,121.0,0.1986754966887417
2015-04-20,Men's Footwear,124,136.0,0.0967741935483871
2015-04-27,Men's Footwear,137,188.0,0.3722627737226277
2015-05-04,Men's Footwear,132,159.0,0.20454545454545456
2015-05-11,Men's Footwear,141,151.0,0.07092198581560284
2015-05-18,Men's Footwear,166,124.0,0.25301204819277107
2015-05-25,Men's Footwear,154,137.0,0.11038961038961038
2015-06-01,Men's Footwear,163,132.0,0.1901840490797546
2015-06-08,Men's Footwear,174,141.0,0.1896551724137931
2015-06-15,Men's Footwear,133,166.0,0.24812030075187969
2015-06-22,Men's Footwear,135,154.0,0.14074074074074075
2015-06-29,Men's Footwear,159,163.0,0.025157232704402517
2015-07-06,Men's Footwear,156,174.0,0.11538461538461539
2015-07-13,Men's Footwear,169,133.0,0.21301775147928995
2015-07-20,Men's Footwear,149,135.0,0.09395973154362416
2015-07-27,Men's Footwear,139,159.0,0.14388489208633093
2015-08-03,Men's Footwear,164,156.0,0.04878048780487805
2015-08-10,Men's Footwear,148,169.0,0.14189189189189189
2015-08-17,Men's Footwear,146,149.0,0.02054794520547945
2015-08-24,Men's Footwear,157,139.0,0.11464968152866242
2015-08-31,Men's Footwear,168,164.0,0.023809523809523808
2015-09-07,Men's Footwear,153,148.0,0.032679738562091505
2015-09-14,Men's Footwear,143,146.0,0.02097902097902098
2015-09-21,Men's Footwear,171,157.0,0.08187134502923976
2015-09-28,Men's Footwear,175,168.0,0.04
2015-10-05,Men's Footwear,150,153.0,0.02
2015-10-12,Men's Footwear,146,143.0,0.02054794520547945
2015-10-19,Men's Footwear,134,171.0,0.27611940298507465
2015-10-26,Men's Footwear,165,175.0,0.06060606060606061
2015-11-02,Men's Footwear,169,150.0,0.11242603550295859
2015-11-09,Men's Footwear,154,146.0,0.05194805194805195
2015-11-16,Men's Footwear,160,134.0,0.1625
2015-11-23,Men's Footwear,136,165.0,0.21323529411764705
2015-11-30,Men's Footwear,163,169.0,0.03680981595092025
2015-12-07,Men's Footwear,140,154.0,0.1
2015-12-14,Men's Footwear,151,160.0,0.059602649006622516
2015-12-21,Men's Footwear,194,136.0,0.29896907216494845
2015-12-28,Men's Footwear,161,163.0,0.012422360248447204
2016-01-04,Men's Footwear,146,140.0,0.0410958904109589
2016-01-11,Men's Footwear,148,151.0,0.02027027027027027
2016-01-18,Men's Footwear,164,194.0,0.18292682926829268
2016-01-25,Men's Footwear,155,161.0,0.03870967741935484
2016-02-01,Men's Footwear,153,146.0,0.0457516339869281
2016-02-08,Men's Footwear,151,148.0,0.019867549668874173
2016-02-15,Men's Footwear,163,164.0,0.006134969325153374
2016-02-22,Men's Footwear,143,155.0,0.08391608391608392
2016-02-29,Men's Footwear,153,153.0,0.0
2016-03-07,Men's Footwear,151,151.0,0.0
2016-03-14,Men's Footwear,165,163.0,0.012121212121212121
2016-03-21,Men's Footwear,142,143.0,0.007042253521126761
2016-03-28,Men's Footwear,151,153.0,0.013245033112582781
2016-04-04,Men's Footwear,163,151.0,0.0736196319018405
2016-04-11,Men's Footwear,182,165.0,0.09340659340659341
2016-04-18,Men's Footwear,152,142.0,0.06578947368421052
2016-04-25,Men's Footwear,141,151.0,0.07092198581560284
2016-05-02,Men's Footwear,129,163.0,0.26356589147286824
2016-05-09,Men's Footwear,152,182.0,0.19736842105263158
2016-05-16,Men's Footwear,161,152.0,0.055900621118012424
2016-05-23,Men's Footwear,168,141.0,0.16071428571428573
2016-05-30,Men's Footwear,160,129.0,0.19375
2016-06-06,Men's Footwear,155,152.0,0.01935483870967742
2016-06-13,Men's Footwear,151,161.0,0.06622516556291391
2016-06-20,Men's Footwear,155,168.0,0.08387096774193549
2016-06-27,Men's Footwear,167,160.0,0.041916167664670656
2016-07-04,Men's Footwear,152,155.0,0.019736842105263157
2016-07-11,Men's Footwear,159,151.0,0.050314465408805034
2016-07-18,Men's Footwear,138,155.0,0.12318840579710146
2016-07-25,Men's Footwear,172,167.0,0.029069767441860465
2016-08-01,Men's Footwear,140,152.0,0.08571428571428572
2016-08-08,Men's Footwear,153,159.0,0.0392156862745098
2016-08-15,Men's Footwear,176,138.0,0.2159090909090909
2016-08-22,Men's Footwear,180,172.0,0.044444444444444446
2016-08-29,Men's Footwear,170,140.0,0.17647058823529413
2016-09-05,Men's Footwear,167,153.0,0.08383233532934131
2016-09-12,Men's Footwear,167,176.0,0.05389221556886228
2016-09-19,Men's Footwear,147,180.0,0.22448979591836735
2016-09-26,Men's Footwear,152,170.0,0.11842105263157894
2016-10-03,Men's Footwear,153,167.0,0.0915032679738562
2016-10-10,Men's Footwear,166,167.0,0.006024096385542169
2016-10-17,Men's Footwear,176,147.0,0.16477272727272727
2016-10-24,Men's Footwear,168,152.0,0.09523809523809523
2016-10-31,Men's Footwear,150,153.0,0.02
2016-11-07,Men's Footwear,179,166.0,0.07262569832402235
2016-11-14,Men's Footwear,144,176.0,0.2222222222222222
2016-11-21,Men's Footwear,143,168.0,0.17482517482517482
2016-11-28,Men's Footwear,152,150.0,0.013157894736842105
2016-12-05,Men's Footwear,157,179.0,0.14012738853503184
2016-12-12,Men's Footwear,148,144.0,0.02702702702702703
2016-12-19,Men's Footwear,136,143.0,0.051470588235294115
2016-12-26,Men's Footwear,173,152.0,0.12138728323699421
2017-01-02,Men's Footwear,172,157.0,0.0872093023255814
2017-01-09,Men's Footwear,141,148.0,0.04964539007092199
2017-01-16,Men's Footwear,141,136.0,0.03546099290780142
2017-01-23,Men's Footwear,150,173.0,0.15333333333333332
2017-01-30,Men's Footwear,153,172.0,0.12418300653594772
2017-02-06,Men's Footwear,129,141.0,0.09302325581395349
2017-02-13,Men's Footwear,124,141.0,0.13709677419354838
2017-02-20,Men's Footwear,169,150.0,0.11242603550295859
2017-02-27,Men's Footwear,147,153.0,0.04081632653061224
2017-03-06,Men's Footwear,163,129.0,0.2085889570552147
2017-03-13,Men's Footwear,153,124.0,0.1895424836601307
2017-03-20,Men's Footwear,175,169.0,0.03428571428571429
2017-03-27,Men's Footwear,172,147.0,0.14534883720930233
2017-04-03,Men's Footwear,157,163.0,0.03821656050955414
2017-04-10,Men's Footwear,157,153.0,0.025477707006369428
2017-04-17,Men's Footwear,160,175.0,0.09375
2017-04-24,Men's Footwear,148,172.0,0.16216216216216217
2017-05-01,Men's Footwear,176,157.0,0.10795454545454546
2017-05-08,Men's Footwear,178,157.0,0.11797752808988764
2017-05-15,Men's Footwear,151,160.0,0.059602649006622516
2017-05-22,Men's Footwear,157,148.0,0.05732484076433121
2017-05-29,Men's Footwear,197,176.0,0.1065989847715736
2017-06-05,Men's Footwear,159,178.0,0.11949685534591195
2017-06-12,Men's Footwear,145,151.0,0.041379310344827586
2017-06-19,Men's Footwear,170,157.0,0.07647058823529412
2017-06-26,Men's Footwear,130,197.0,0.5153846153846153
2017-07-03,Men's Footwear,166,159.0,0.04216867469879518
2017-07-10,Men's Footwear,154,145.0,0.05844155844155844
2017-07-17,Men's Footwear,162,170.0,0.04938271604938271
2017-07-24,Men's Footwear,147,130.0,0.11564625850340136
2017-07-31,Men's Footwear,167,166.0,0.005988023952095809
2017-08-07,Men's Footwear,165,154.0,0.06666666666666667
2017-08-14,Men's Footwear,153,162.0,0.058823529411764705
2017-08-21,Men's Footwear,156,147.0,0.057692307692307696
2017-08-28,Men's Footwear,133,167.0,0.2556390977443609
2017-09-04,Men's Footwear,149,165.0,0.10738255033557047
2017-09-11,Men's Footwear,177,153.0,0.13559322033898305
2017-09-18,Men's Footwear,145,156.0,0.07586206896551724
2017-09-25,Men's Footwear,148,133.0,0.10135135135135136
2017-10-02,Men's Footwear,9,149.0,5.0
2014-12-29,Shop By Sport,148,148.0,0.0
2015-01-05,Shop By Sport,206,206.0,0.0
2015-01-12,Shop By Sport,257,257.0,0.0
2015-01-19,Shop By Sport,264,264.0,0.0
2015-01-26,Shop By Sport,230,148.0,0.3565217391304348
2015-02-02,Shop By Sport,244,206.0,0.1557377049180328
2015-02-09,Shop By Sport,210,257.0,0.22380952380952382
2015-02-16,Shop By Sport,241,264.0,0.0954356846473029
2015-02-23,Shop By Sport,267,230.0,0.13857677902621723
2015-03-02,Shop By Sport,276,244.0,0.11594202898550725
2015-03-09,Shop By Sport,232,210.0,0.09482758620689655
2015-03-16,Shop By Sport,225,241.0,0.07111111111111111
2015-03-23,Shop By Sport,256,267.0,0.04296875
2015-03-30,Shop By Sport,218,276.0,0.26605504587155965
2015-04-06,Shop By Sport,241,232.0,0.03734439834024896
2015-04-13,Shop By Sport,218,225.0,0.03211009174311927
2015-04-20,Shop By Sport,183,256.0,0.3989071038251366
2015-04-27,Shop By Sport,271,218.0,0.19557195571955718
2015-05-04,Shop By Sport,235,241.0,0.02553191489361702
2015-05-11,Shop By Sport,232,218.0,0.0603448275862069
2015-05-18,Shop By Sport,224,183.0,0.18303571428571427
2015-05-25,Shop By Sport,231,271.0,0.17316017316017315
2015-06-01,Shop By Sport,227,235.0,0.03524229074889868
2015-06-08,Shop By Sport,189,232.0,0.2275132275132275
2015-06-15,Shop By Sport,243,224.0,0.07818930041152264
2015-06-22,Shop By Sport,208,231.0,0.11057692307692307
2015-06-29,Shop By Sport,259,227.0,0.12355212355212356
2015-07-06,Shop By Sport,230,189.0,0.1782608695652174
2015-07-13,Shop By Sport,191,243.0,0.27225130890052357
2015-07-20,Shop By Sport,280,208.0,0.2571428571428571
2015-07-27,Shop By Sport,185,259.0,0.4
2015-08-03,Shop By Sport,207,230.0,0.1111111111111111
2015-08-10,Shop By Sport,248,191.0,0.22983870967741934
2015-08-17,Shop By Sport,255,280.0,0.09803921568627451
2015-08-24,Shop By Sport,208,185.0,0.11057692307692307
2015-08-31,Shop By Sport,226,207.0,0.084070796460177
2015-09-07,Shop By Sport,213,248.0,0.1643192488262911
2015-09-14,Shop By Sport,279,255.0,0.08602150537634409
2015-09-21,Shop By Sport,226,208.0,0.07964601769911504
2015-09-28,Shop By Sport,232,226.0,0.02586206896551724
2015-10-05,Shop By Sport,244,213.0,0.12704918032786885
2015-10-12,Shop By Sport,206,279.0,0.35436893203883496
2015-10-19,Shop By Sport,204,226.0,0.10784313725490197
2015-10-26,Shop By Sport,252,232.0,0.07936507936507936
2015-11-02,Shop By Sport,227,244.0,0.07488986784140969
2015-11-09,Shop By Sport,285,206.0,0.2771929824561403
2015-11-16,Shop By Sport,235,204.0,0.13191489361702127
2015-11-23,Shop By Sport,228,252.0,0.10526315789473684
2015-11-30,Shop By Sport,228,227.0,0.0043859649122807015
2015-12-07,Shop By Sport,197,285.0,0.4467005076142132
2015-12-14,Shop By Sport,250,235.0,0.06
2015-12-21,Shop By Sport,242,228.0,0.05785123966942149
2015-12-28,Shop By Sport,245,228.0,0.06938775510204082
2016-01-04,Shop By Sport,242,197.0,0.1859504132231405
2016-01-11,Shop By Sport,185,250.0,0.35135135135135137
2016-01-18,Shop By Sport,194,242.0,0.24742268041237114
2016-01-25,Shop By Sport,230,245.0,0.06521739130434782
2016-02-01,Shop By Sport,210,242.0,0.1523809523809524
2016-02-08,Shop By Sport,204,185.0,0.09313725490196079
2016-02-15,Shop By Sport,205,194.0,0.05365853658536585
2016-02-22,Shop By Sport,224,230.0,0.026785714285714284
2016-02-29,Shop By Sport,262,210.0,0.1984732824427481
2016-03-07,Shop By Sport,196,204.0,0.04081632653061224
2016-03-14,Shop By Sport,193,205.0,0.06217616580310881
2016-03-21,Shop By Sport,238,224.0,0.058823529411764705
2016-03-28,Shop By Sport,259,262.0,0.011583011583011582
2016-04-04,Shop By Sport,211,196.0,0.07109004739336493
2016-04-11,Shop By Sport,282,193.0,0.31560283687943264
2016-04-18,Shop By Sport,223,238.0,0.06726457399103139
2016-04-25,Shop By Sport,237,259.0,0.09282700421940929
2016-05-02,Shop By Sport,161,211.0,0.3105590062111801
2016-05-09,Shop By Sport,250,282.0,0.128
2016-05-16,Shop By Sport,223,223.0,0.0
2016-05-23,Shop By Sport,200,237.0,0.185
2016-05-30,Shop By Sport,250,161.0,0.356
2016-06-06,Shop By Sport,182,250.0,0.37362637362637363
2016-06-13,Shop By Sport,234,223.0,0.04700854700854701
2016-06-20,Shop By Sport,244,200.0,0.18032786885245902
2016-06-27,Shop By Sport,250,250.0,0.0
2016-07-04,Shop By Sport,190,182.0,0.042105263157894736
2016-07-11,Shop By Sport,223,234.0,0.04932735426008968
2016-07-18,Shop By Sport,203,244.0,0.2019704433497537
2016-07-25,Shop By Sport,189,250.0,0.32275132275132273
2016-08-01,Shop By Sport,247,190.0,0.23076923076923078
2016-08-08,Shop By Sport,248,223.0,0.10080645161290322
2016-08-15,Shop By Sport,264,203.0,0.23106060606060605
2016-08-22,Shop By Sport,219,189.0,0.136986301369863
2016-08-29,Shop By Sport,200,247.0,0.235
2016-09-05,Shop By Sport,222,248.0,0.11711711711711711
2016-09-12,Shop By Sport,245,264.0,0.07755102040816327
2016-09-19,Shop By Sport,260,219.0,0.1576923076923077
2016-09-26,Shop By Sport,161,200.0,0.2422360248447205
2016-10-03,Shop By Sport,208,222.0,0.0673076923076923
2016-10-10,Shop By Sport,202,245.0,0.21287128712871287
2016-10-17,Shop By Sport,282,260.0,0.07801418439716312
2016-10-24,Shop By Sport,228,161.0,0.29385964912280704
2016-10-31,Shop By Sport,214,208.0,0.028037383177570093
2016-11-07,Shop By Sport,222,202.0,0.09009009009009009
2016-11-14,Shop By Sport,218,282.0,0.29357798165137616
2016-11-21,Shop By Sport,216,228.0,0.05555555555555555
2016-11-28,Shop By Sport,283,214.0,0.24381625441696114
2016-12-05,Shop By Sport,198,222.0,0.12121212121212122
2016-12-12,Shop By Sport,197,218.0,0.1065989847715736
2016-12-19,Shop By Sport,294,216.0,0.2653061224489796
2016-12-26,Shop By Sport,130,283.0,1.176923076923077
2017-01-02,Shop By Sport,237,198.0,0.16455696202531644
2017-01-09,Shop By Sport,213,197.0,0.07511737089201878
2017-01-16,Shop By Sport,246,294.0,0.1951219512195122
2017-01-23,Shop By Sport,269,130.0,0.516728624535316
2017-01-30,Shop By Sport,259,237.0,0.08494208494208494
2017-02-06,Shop By Sport,202,213.0,0.054455445544554455
2017-02-13,Shop By Sport,168,246.0,0.4642857142857143
2017-02-20,Shop By Sport,208,269.0,0.2932692307692308
2017-02-27,Shop By Sport,236,259.0,0.09745762711864407
2017-03-06,Shop By Sport,202,202.0,0.0
2017-03-13,Shop By Sport,242,168.0,0.30578512396694213
2017-03-20,Shop By Sport,238,208.0,0.12605042016806722
2017-03-27,Shop By Sport,224,236.0,0.05357142857142857
2017-04-03,Shop By Sport,254,202.0,0.2047244094488189
2017-04-10,Shop By Sport,223,242.0,0.08520179372197309
2017-04-17,Shop By Sport,269,238.0,0.11524163568773234
2017-04-24,Shop By Sport,258,224.0,0.13178294573643412
2017-05-01,Shop By Sport,220,254.0,0.15454545454545454
2017-05-08,Shop By Sport,243,223.0,0.0823045267489712
2017-05-15,Shop By Sport,251,269.0,0.07171314741035857
2017-05-22,Shop By Sport,209,258.0,0.23444976076555024
2017-05-29,Shop By Sport,211,220.0,0.04265402843601896
2017-06-05,Shop By Sport,231,243.0,0.05194805194805195
2017-06-12,Shop By Sport,201,251.0,0.24875621890547264
2017-06-19,Shop By Sport,236,209.0,0.11440677966101695
2017-06-26,Shop By Sport,240,211.0,0.12083333333333333
2017-07-03,Shop By Sport,228,231.0,0.013157894736842105
2017-07-10,Shop By Sport,198,201.0,0.015151515151515152
2017-07-17,Shop By Sport,264,236.0,0.10606060606060606
2017-07-24,Shop By Sport,250,240.0,0.04
2017-07-31,Shop By Sport,225,228.0,0.013333333333333334
2017-08-07,Shop By Sport,203,198.0,0.024630541871921183
2017-08-14,Shop By Sport,233,264.0,0.13304721030042918
2017-08-21,Shop By Sport,192,250.0,0.3020833333333333
2017-08-28,Shop By Sport,243,225.0,0.07407407407407407
2017-09-04,Shop By Sport,235,203.0,0.13617021276595745
2017-09-11,Shop By Sport,229,233.0,0.017467248908296942
2017-09-18,Shop By Sport,226,192.0,0.1504424778761062
2017-09-25,Shop By Sport,195,243.0,0.24615384615384617
2017-10-02,Shop By Sport,5,235.0,5.0
2014-12-29,Water Sports,55,55.0,0.0
2015-01-05,Water Sports,106,106.0,0.0
2015-01-12,Water Sports,102,102.0,0.0
2015-01-19,Water Sports,102,102.0,0.0
2015-01-26,Water Sports,129,55.0,0.5736434108527132
2015-02-02,Water Sports,119,106.0,0.1092436974789916
2015-02-09,Water Sports,98,102.0,0.04081632653061224
2015-02-16,Water Sports,103,102.0,0.009708737864077669
2015-02-23,Water Sports,108,129.0,0.19444444444444445
2015-03-02,Water Sports,116,119.0,0.02586206896551724
2015-03-09,Water Sports,110,98.0,0.10909090909090909
2015-03-16,Water Sports,87,103.0,0.1839080459770115
2015-03-23,Water Sports,121,108.0,0.10743801652892562
2015-03-30,Water Sports,110,116.0,0.05454545454545454
2015-04-06,Water Sports,113,110.0,0.02654867256637168
2015-04-13,Water Sports,117,87.0,0.2564102564102564
2015-04-20,Water Sports,106,121.0,0.14150943396226415
2015-04-27,Water Sports,119,110.0,0.07563025210084033
2015-05-04,Water Sports,114,113.0,0.008771929824561403
2015-05-11,Water Sports,111,117.0,0.05405405405405406
2015-05-18,Water Sports,101,106.0,0.04950495049504951
2015-05-25,Water Sports,121,119.0,0.01652892561983471
2015-06-01,Water Sports,101,114.0,0.12871287128712872
2015-06-08,Water Sports,94,111.0,0.18085106382978725
2015-06-15,Water Sports,115,101.0,0.12173913043478261
2015-06-22,Water Sports,124,121.0,0.024193548387096774
2015-06-29,Water Sports,92,101.0,0.09782608695652174
2015-07-06,Water Sports,115,94.0,0.1826086956521739
2015-07-13,Water Sports,109,115.0,0.05504587155963303
2015-07-20,Water Sports,106,124.0,0.16981132075471697
2015-07-27,Water Sports,112,92.0,0.17857142857142858
2015-08-03,Water Sports,98,115.0,0.17346938775510204
2015-08-10,Water Sports,107,109.0,0.018691588785046728
2015-08-17,Water Sports,116,106.0,0.08620689655172414
2015-08-24,Water Sports,118,112.0,0.05084745762711865
2015-08-31,Water Sports,102,98.0,0.0392156862745098
2015-09-07,Water Sports,91,107.0,0.17582417582417584
2015-09-14,Water Sports,102,116.0,0.13725490196078433
2015-09-21,Water Sports,105,118.0,0.12380952380952381
2015-09-28,Water Sports,111,102.0,0.08108108108108109
2015-10-05,Water Sports,122,91.0,0.2540983606557377
2015-10-12,Water Sports,95,102.0,0.07368421052631578
2015-10-19,Water Sports,105,105.0,0.0
2015-10-26,Water Sports,107,111.0,0.037383177570093455
2015-11-02,Water Sports,109,122.0,0.11926605504587157
2015-11-09,Water Sports,101,95.0,0.0594059405940594
2015-11-16,Water Sports,116,105.0,0.09482758620689655
2015-11-23,Water Sports,113,107.0,0.05309734513274336
2015-11-30,Water Sports,130,109.0,0.16153846153846155
2015-12-07,Water Sports,116,101.0,0.12931034482758622
2015-12-14,Water Sports,104,116.0,0.11538461538461539
2015-12-21,Water Sports,108,113.0,0.046296296296296294
2015-12-28,Water Sports,102,130.0,0.27450980392156865
2016-01-04,Water Sports,91,116.0,0.27472527472527475
2016-01-11,Water Sports,107,104.0,0.028037383177570093
2016-01-18,Water Sports,88,108.0,0.22727272727272727
2016-01-25,Water Sports,124,102.0,0.1774193548387097
2016-02-01,Water Sports,100,91.0,0.09
2016-02-08,Water Sports,101,107.0,0.0594059405940594
2016-02-15,Water Sports,114,88.0,0.22807017543859648
2016-02-22,Water Sports,96,124.0,0.2916666666666667
2016-02-29,Water Sports,94,100.0,0.06382978723404255
2016-03-07,Water Sports,108,101.0,0.06481481481481481
2016-03-14,Water Sports,110,114.0,0.03636363636363636
2016-03-21,Water Sports,93,96.0,0.03225806451612903
2016-03-28,Water Sports,102,94.0,0.0784313725490196
2016-04-04,Water Sports,100,108.0,0.08
2016-04-11,Water Sports,112,110.0,0.017857142857142856
2016-04-18,Water Sports,105,93.0,0.11428571428571428
2016-04-25,Water Sports,88,102.0,0.1590909090909091
2016-05-02,Water Sports,119,100.0,0.15966386554621848
2016-05-09,Water Sports,128,112.0,0.125
2016-05-16,Water Sports,118,105.0,0.11016949152542373
2016-05-23,Water Sports,106,88.0,0.16981132075471697
2016-05-30,Water Sports,102,119.0,0.16666666666666666
2016-06-06,Water Sports,93,128.0,0.3763440860215054
2016-06-13,Water Sports,95,118.0,0.24210526315789474
2016-06-20,Water Sports,101,106.0,0.04950495049504951
2016-06-27,Water Sports,109,102.0,0.06422018348623854
2016-07-04,Water Sports,122,93.0,0.23770491803278687
2016-07-11,Water Sports,107,95.0,0.11214953271028037
2016-07-18,Water Sports,114,101.0,0.11403508771929824
2016-07-25,Water Sports,115,109.0,0.05217391304347826
2016-08-01,Water Sports,95,122.0,0.28421052631578947
2016-08-08,Water Sports,90,107.0,0.18888888888888888
2016-08-15,Water Sports,111,114.0,0.02702702702702703
2016-08-22,Water Sports,117,115.0,0.017094017094017096
2016-08-29,Water Sports,108,95.0,0.12037037037037036
2016-09-05,Water Sports,107,90.0,0.1588785046728972
2016-09-12,Water Sports,118,111.0,0.059322033898305086
2016-09-19,Water Sports,100,117.0,0.17
2016-09-26,Water Sports,125,108.0,0.136
2016-10-03,Water Sports,85,107.0,0.25882352941176473
2016-10-10,Water Sports,115,118.0,0.02608695652173913
2016-10-17,Water Sports,108,100.0,0.07407407407407407
2016-10-24,Water Sports,124,125.0,0.008064516129032258
2016-10-31,Water Sports,110,85.0,0.22727272727272727
2016-11-07,Water Sports,110,115.0,0.045454545454545456
2016-11-14,Water Sports,104,108.0,0.038461538461538464
2016-11-21,Water Sports,122,124.0,0.01639344262295082
2016-11-28,Water Sports,105,110.0,0.047619047619047616
2016-12-05,Water Sports,79,110.0,0.3924050632911392
2016-12-12,Water Sports,107,104.0,0.028037383177570093
2016-12-19,Water Sports,97,122.0,0.25773195876288657
2016-12-26,Water Sports,112,105.0,0.0625
2017-01-02,Water Sports,116,79.0,0.31896551724137934
2017-01-09,Water Sports,95,107.0,0.12631578947368421
2017-01-16,Water Sports,89,97.0,0.0898876404494382
2017-01-23,Water Sports,103,112.0,0.08737864077669903
2017-01-30,Water Sports,111,116.0,0.04504504504504504
2017-02-06,Water Sports,120,95.0,0.20833333333333334
2017-02-13,Water Sports,103,89.0,0.13592233009708737
2017-02-20,Water Sports,96,103.0,0.07291666666666667
2017-02-27,Water Sports,120,111.0,0.075
2017-03-06,Water Sports,101,120.0,0.18811881188118812
2017-03-13,Water Sports,118,103.0,0.1271186440677966
2017-03-20,Water Sports,102,96.0,0.058823529411764705
2017-03-27,Water Sports,124,120.0,0.03225806451612903
2017-04-03,Water Sports,106,101.0,0.04716981132075472
2017-04-10,Water Sports,113,118.0,0.04424778761061947
2017-04-17,Water Sports,107,102.0,0.04672897196261682
2017-04-24,Water Sports,121,124.0,0.024793388429752067
2017-05-01,Water Sports,117,106.0,0.09401709401709402
2017-05-08,Water Sports,104,113.0,0.08653846153846154
2017-05-15,Water Sports,111,107.0,0.036036036036036036
2017-05-22,Water Sports,109,121.0,0.11009174311926606
2017-05-29,Water Sports,121,117.0,0.03305785123966942
2017-06-05,Water Sports,103,104.0,0.009708737864077669
2017-06-12,Water Sports,88,111.0,0.26136363636363635
2017-06-19,Water Sports,110,109.0,0.00909090909090909
2017-06-26,Water Sports,121,121.0,0.0
2017-07-03,Water Sports,124,103.0,0.1693548387096774
2017-07-10,Water Sports,110,88.0,0.2
2017-07-17,Water Sports,112,110.0,0.017857142857142856
2017-07-24,Water Sports,74,121.0,0.6351351351351351
2017-07-31,Water Sports,118,124.0,0.05084745762711865
2017-08-07,Water Sports,124,110.0,0.11290322580645161
2017-08-14,Water Sports,109,112.0,0.027522935779816515
2017-08-21,Water Sports,125,74.0,0.408
2017-08-28,Water Sports,96,118.0,0.22916666666666666
2017-09-04,Water Sports,125,124.0,0.008
2017-09-11,Water Sports,113,109.0,0.035398230088495575
2017-09-18,Water Sports,120,125.0,0.041666666666666664
2017-09-25,Water Sports,128,96.0,0.25
2017-10-02,Water Sports,8,125.0,5.0
2014-12-29,Women's Apparel,223,223.0,0.0
2015-01-05,Women's Apparel,378,378.0,0.0
2015-01-12,Women's Apparel,488,488.0,0.0
2015-01-19,Women's Apparel,380,380.0,0.0
2015-01-26,Women's Apparel,483,223.0,0.5383022774327122
2015-02-02,Women's Apparel,396,378.0,0.045454545454545456
2015-02-09,Women's Apparel,410,488.0,0.1902439024390244
2015-02-16,Women's Apparel,504,380.0,0.24603174603174602
2015-02-23,Women's Apparel,468,483.0,0.03205128205128205
2015-03-02,Women's Apparel,433,396.0,0.08545034642032333
2015-03-09,Women's Apparel,411,410.0,0.0024330900243309003
2015-03-16,Women's Apparel,436,504.0,0.1559633027522936
2015-03-23,Women's Apparel,488,468.0,0.040983606557377046
2015-03-30,Women's Apparel,470,433.0,0.07872340425531915
2015-04-06,Women's Apparel,514,411.0,0.20038910505836577
2015-04-13,Women's Apparel,481,436.0,0.09355509355509356
2015-04-20,Women's Apparel,378,488.0,0.291005291005291
2015-04-27,Women's Apparel,459,470.0,0.023965141612200435
2015-05-04,Women's Apparel,402,514.0,0.27860696517412936
2015-05-11,Women's Apparel,417,481.0,0.15347721822541965
2015-05-18,Women's Apparel,431,378.0,0.12296983758700696
2015-05-25,Women's Apparel,482,459.0,0.04771784232365145
2015-06-01,Women's Apparel,394,402.0,0.02030456852791878
2015-06-08,Women's Apparel,411,417.0,0.014598540145985401
2015-06-15,Women's Apparel,398,431.0,0.0829145728643216
2015-06-22,Women's Apparel,432,482.0,0.11574074074074074
2015-06-29,Women's Apparel,449,394.0,0.12249443207126949
2015-07-06,Women's Apparel,475,411.0,0.13473684210526315
2015-07-13,Women's Apparel,531,398.0,0.2504708097928437
2015-07-20,Women's Apparel,425,432.0,0.01647058823529412
2015-07-27,Women's Apparel,482,449.0,0.06846473029045644
2015-08-03,Women's Apparel,416,475.0,0.14182692307692307
2015-08-10,Women's Apparel,465,531.0,0.14193548387096774
2015-08-17,Women's Apparel,439,425.0,0.03189066059225513
2015-08-24,Women's Apparel,439,482.0,0.0979498861047836
2015-08-31,Women's Apparel,399,416.0,0.042606516290726815
2015-09-07,Women's Apparel,380,465.0,0.2236842105263158
2015-09-14,Women's Apparel,455,439.0,0.035164835164835165
2015-09-21,Women's Apparel,527,439.0,0.16698292220113853
2015-09-28,Women's Apparel,425,399.0,0.0611764705882353
2015-10-05,Women's Apparel,474,380.0,0.19831223628691982
2015-10-12,Women's Apparel,501,455.0,0.09181636726546906
2015-10-19,Women's Apparel,427,527.0,0.234192037470726
2015-10-26,Women's Apparel,352,425.0,0.20738636363636365
2015-11-02,Women's Apparel,448,474.0,0.05803571428571429
2015-11-09,Women's Apparel,427,501.0,0.17330210772833723
2015-11-16,Women's Apparel,405,427.0,0.05432098765432099
2015-11-23,Women's Apparel,367,352.0,0.04087193460490463
2015-11-30,Women's Apparel,441,448.0,0.015873015873015872
2015-12-07,Women's Apparel,371,427.0,0.1509433962264151
2015-12-14,Women's Apparel,381,405.0,0.06299212598425197
2015-12-21,Women's Apparel,495,367.0,0.2585858585858586
2015-12-28,Women's Apparel,479,441.0,0.07933194154488518
2016-01-04,Women's Apparel,469,371.0,0.208955223880597
2016-01-11,Women's Apparel,449,381.0,0.1514476614699332
2016-01-18,Women's Apparel,481,495.0,0.029106029106029108
2016-01-25,Women's Apparel,468,479.0,0.023504273504273504
2016-02-01,Women's Apparel,375,469.0,0.25066666666666665
2016-02-08,Women's Apparel,486,449.0,0.07613168724279835
2016-02-15,Women's Apparel,409,481.0,0.17603911980440098
2016-02-22,Women's Apparel,392,468.0,0.19387755102040816
2016-02-29,Women's Apparel,462,375.0,0.18831168831168832
2016-03-07,Women's Apparel,361,486.0,0.3462603878116344
2016-03-14,Women's Apparel,409,409.0,0.0
2016-03-21,Women's Apparel,425,392.0,0.07764705882352942
2016-03-28,Women's Apparel,448,462.0,0.03125
2016-04-04,Women's Apparel,386,361.0,0.06476683937823834
2016-04-11,Women's Apparel,418,409.0,0.0215311004784689
2016-04-18,Women's Apparel,469,425.0,0.09381663113006397
2016-04-25,Women's Apparel,384,448.0,0.16666666666666666
2016-05-02,Women's Apparel,444,386.0,0.13063063063063063
2016-05-09,Women's Apparel,415,418.0,0.007228915662650603
2016-05-16,Women's Apparel,445,469.0,0.05393258426966292
2016-05-23,Women's Apparel,419,384.0,0.08353221957040573
2016-05-30,Women's Apparel,456,444.0,0.02631578947368421
2016-06-06,Women's Apparel,486,415.0,0.14609053497942387
2016-06-13,Women's Apparel,375,445.0,0.18666666666666668
2016-06-20,Women's Apparel,486,419.0,0.13786008230452676
2016-06-27,Women's Apparel,373,456.0,0.2225201072386059
2016-07-04,Women's Apparel,417,486.0,0.16546762589928057
2016-07-11,Women's Apparel,441,375.0,0.14965986394557823
2016-07-18,Women's Apparel,457,486.0,0.06345733041575492
2016-07-25,Women's Apparel,494,373.0,0.24493927125506074
2016-08-01,Women's Apparel,497,417.0,0.16096579476861167
2016-08-08,Women's Apparel,503,441.0,0.12326043737574553
2016-08-15,Women's Apparel,432,457.0,0.05787037037037037
2016-08-22,Women's Apparel,425,494.0,0.1623529411764706
2016-08-29,Women's Apparel,438,497.0,0.13470319634703196
2016-09-05,Women's Apparel,412,503.0,0.220873786407767
2016-09-12,Women's Apparel,477,432.0,0.09433962264150944
2016-09-19,Women's Apparel,467,425.0,0.08993576017130621
2016-09-26,Women's Apparel,482,438.0,0.0912863070539419
2016-10-03,Women's Apparel,397,412.0,0.037783375314861464
2016-10-10,Women's Apparel,471,477.0,0.012738853503184714
2016-10-17,Women's Apparel,473,467.0,0.012684989429175475
2016-10-24,Women's Apparel,414,482.0,0.1642512077294686
2016-10-31,Women's Apparel,445,397.0,0.10786516853932585
2016-11-07,Women's Apparel,394,471.0,0.19543147208121828
2016-11-14,Women's Apparel,376,473.0,0.2579787234042553
2016-11-21,Women's Apparel,468,414.0,0.11538461538461539
2016-11-28,Women's Apparel,422,445.0,0.054502369668246446
2016-12-05,Women's Apparel,464,394.0,0.15086206896551724
2016-12-12,Women's Apparel,382,376.0,0.015706806282722512
2016-12-19,Women's Apparel,420,468.0,0.11428571428571428
2016-12-26,Women's Apparel,482,422.0,0.12448132780082988
2017-01-02,Women's Apparel,377,464.0,0.23076923076923078
2017-01-09,Women's Apparel,510,382.0,0.25098039215686274
2017-01-16,Women's Apparel,479,420.0,0.12317327766179541
2017-01-23,Women's Apparel,414,482.0,0.1642512077294686
2017-01-30,Women's Apparel,455,377.0,0.17142857142857143
2017-02-06,Women's Apparel,467,510.0,0.09207708779443255
2017-02-13,Women's Apparel,465,479.0,0.030107526881720432
2017-02-20,Women's Apparel,514,414.0,0.19455252918287938
2017-02-27,Women's Apparel,530,455.0,0.14150943396226415
2017-03-06,Women's Apparel,512,467.0,0.087890625
2017-03-13,Women's Apparel,406,465.0,0.14532019704433496
2017-03-20,Women's Apparel,425,514.0,0.20941176470588235
2017-03-27,Women's Apparel,445,530.0,0.19101123595505617
2017-04-03,Women's Apparel,375,512.0,0.36533333333333334
2017-04-10,Women's Apparel,405,406.0,0.0024691358024691358
2017-04-17,Women's Apparel,389,425.0,0.09254498714652956
2017-04-24,Women's Apparel,417,445.0,0.0671462829736211
2017-05-01,Women's Apparel,425,375.0,0.11764705882352941
2017-05-08,Women's Apparel,399,405.0,0.015037593984962405
2017-05-15,Women's Apparel,438,389.0,0.11187214611872145
2017-05-22,Women's Apparel,372,417.0,0.12096774193548387
2017-05-29,Women's Apparel,464,425.0,0.08405172413793104
2017-06-05,Women's Apparel,407,399.0,0.019656019656019656
2017-06-12,Women's Apparel,414,438.0,0.057971014492753624
2017-06-19,Women's Apparel,457,372.0,0.18599562363238512
2017-06-26,Women's Apparel,506,464.0,0.08300395256916997
2017-07-03,Women's Apparel,419,407.0,0.028639618138424822
2017-07-10,Women's Apparel,378,414.0,0.09523809523809523
2017-07-17,Women's Apparel,465,457.0,0.017204301075268817
2017-07-24,Women's Apparel,383,506.0,0.32114882506527415
2017-07-31,Women's Apparel,483,419.0,0.13250517598343686
2017-08-07,Women's Apparel,423,378.0,0.10638297872340426
2017-08-14,Women's Apparel,403,465.0,0.15384615384615385
2017-08-21,Women's Apparel,470,383.0,0.1851063829787234
2017-08-28,Women's Apparel,447,483.0,0.08053691275167785
2017-09-04,Women's Apparel,452,423.0,0.06415929203539823
2017-09-11,Women's Apparel,429,403.0,0.06060606060606061
2017-09-18,Women's Apparel,461,470.0,0.019522776572668113
2017-09-25,Women's Apparel,469,447.0,0.046908315565031986
2017-10-02,Women's Apparel,25,452.0,5.0
